Suburb,State,PostCode
SPRINGVALE,VIC,3171
APPLE TREE FLAT,NSW,2850
ABBA RIVER,WA,6280
ABBEYARD,VIC,3737
ABBEYWOOD,QLD,4613
ABBOTSBURY,NSW,2176
ABBOTSFORD,NSW,2046
ABBOTSFORD,VIC,3067
ABBOTSFORD,QLD,4670
ABBOTSHAM,TAS,7315
ABECKETT STREET,VIC,8006
ABELS BAY,TAS,7112
ABERCORN,QLD,4627
ABERCROMBIE,NSW,2795
ABERDARE,NSW,2325
ABERDEEN,NSW,2336
ABERDEEN,TAS,7310
ABERFELDIE,VIC,3040
ABERFELDY,VIC,3825
ABERFOYLE,NSW,2350
ABERFOYLE PARK,SA,5159
ABERGLASSLYN,NSW,2320
ABERGOWRIE,QLD,4850
ABERMAIN,NSW,2326
ABINGDON DOWNS,QLD,4892
ABINGTON,QLD,4660
ACACIA GARDENS,NSW,2763
ACACIA HILLS,NT,822
ACACIA HILLS,TAS,7306
ACACIA RIDGE,QLD,4110
ACHERON,VIC,3714
ACLAND,QLD,4401
ACTON,ACT,2601
ACTON,TAS,7320
ACTON PARK,TAS,7170
ADA,VIC,3833
ADAMINABY,NSW,2629
ADAMS ESTATE,VIC,3984
ADAMSTOWN,NSW,2289
ADAMSVALE,WA,6375
ADARE,QLD,4343
ADAVALE,QLD,4474
ADDINGTON,VIC,3352
ADELAIDE,SA,5000
ADELAIDE,SA,5001
ADELAIDE AIRPORT,SA,5950
ADELAIDE LEAD,VIC,3465
ADELAIDE PARK,QLD,4703
ADELAIDE RIVER,NT,846
ADELONG,NSW,2729
ADJUNGBILLY,NSW,2727
ADVANCETOWN,QLD,4211
ADVENTURE BAY,TAS,7150
AEROGLEN,QLD,4870
AGERY,SA,5558
AGNES,VIC,3962
AGNES BANKS,NSW,2753
AGNES WATER,QLD,4677
AINSLIE,ACT,2602
AINTREE,VIC,3336
AIRDMILLAN,QLD,4807
AIRDS,NSW,2560
AIRE VALLEY,VIC,3237
AIREYS INLET,VIC,3231
AIRLIE BEACH,QLD,4802
AIRLY,VIC,3851
AIRPORT WEST,VIC,3042
AITKENVALE,QLD,4814
AJANA,WA,6532
AKAROA,TAS,7216
AKOLELE,NSW,2546
ALABAMA HILL,QLD,4820
ALAWA,NT,810
ALAWOONA,SA,5311
ALBACUTYA,VIC,3424
ALBANVALE,VIC,3021
ALBANY,WA,6330
ALBANY CREEK,QLD,4035
ALBANY DC,WA,6331
ALBANY PO,WA,6332
ALBERT,NSW,2873
ALBERTA,QLD,4702
ALBERTON,VIC,3971
ALBERTON,QLD,4207
ALBERTON,SA,5014
ALBERTON,TAS,7263
ALBERT PARK,VIC,3206
ALBINIA,QLD,4722
ALBION,VIC,3020
ALBION,QLD,4010
ALBION,QLD,4822
ALBION PARK,NSW,2527
ALBURY,NSW,2640
ALCOMIE,TAS,7330
ALDAVILLA,NSW,2440
ALDERLEY,QLD,4051
ALDERSHOT,QLD,4650
ALDERSYDE,WA,6306
ALDGATE,SA,5154
ALDINGA,SA,5173
ALDOGA,QLD,4694
ALECTOWN,NSW,2870
ALEXANDER HEIGHTS,WA,6064
ALEXANDRA,QLD,4740
ALEXANDRA BRIDGE,WA,6288
ALEXANDRA HEADLAND,QLD,4572
ALEXANDRA HILLS,QLD,4161
ALEXANDRIA,NSW,1435
ALEXANDRIA,NSW,2015
ALFORD,SA,5555
ALFORDS POINT,NSW,2234
ALFRED COVE,WA,6154
ALFREDTON,VIC,3350
ALFREDTOWN,NSW,2650
ALGESTER,QLD,4115
ALICE,NSW,2469
ALICE CREEK,QLD,4610
ALICE RIVER,QLD,4817
ALICE SPRINGS,NT,870
ALICE SPRINGS,NT,871
ALICE SPRINGS,NT,872
ALISON,NSW,2259
ALISON,NSW,2420
ALKIMOS,WA,6038
ALLAMBEE,VIC,3823
ALLAMBEE RESERVE,VIC,3871
ALLAMBIE HEIGHTS,NSW,2100
ALLAN,QLD,4370
ALLANDALE,QLD,4310
ALLANOOKA,WA,6525
ALLANS FLAT,VIC,3691
ALLANSFORD,VIC,3277
ALLANSON,WA,6225
ALLAWAH,NSW,2218
ALLEENA,NSW,2671
ALLENBY GARDENS,SA,5009
ALLENDALE,VIC,3364
ALLENDALE EAST,SA,5291
ALLENDALE NORTH,SA,5373
ALLENSTOWN,QLD,4700
ALLENVIEW,QLD,4285
ALLESTREE,VIC,3305
ALLGOMERA,NSW,2441
ALLIGATOR CREEK,QLD,4816
ALLORA,QLD,4362
ALLWORTH,NSW,2425
ALLYNBROOK,NSW,2311
ALMA,SA,5401
ALMA,WA,6535
ALMADEN,QLD,4871
ALMA PARK,NSW,2659
ALMONDS,VIC,3727
ALMURTA,VIC,3979
ALPHA,QLD,4724
ALPHINGTON,VIC,3078
ALPINE,NSW,2575
ALPURRURULAM,NT,4825
ALSTONVALE,NSW,2477
AL TONA,VIC,3018
AL TONA,SA,5351
AL TONA EAST,VIC,3025
AL TONA MEADOWS,VIC,3028
ALUMY CREEK,NSW,2460
ALVIE,VIC,3249
ALYANGULA,NT,885
AMAMOOR,QLD,4570
AMAROO,NSW,2866
AMAROO,ACT,2914
AMAROO,QLD,4829
AMBANIA,WA,6632
AMBERLEY,QLD,4306
AMBROSE,QLD,4695
AMBY,QLD,4462
AMELUP,WA,6338
AMERICAN BEACH,SA,5222
AMERICAN RIVER,SA,5221
AMHERST,VIC,3371
AMIENS,QLD,4380
AMITY,QLD,4183
AMOONGUNA,NT,873
AMPHITHEATRE,VIC,3468
AMYTON,SA,5431
ANABRANCH NORTH,NSW,2648
ANAKIE,VIC,3213
ANAMA,SA,5464
ANCONA,VIC,3715
ANDAMOOKA,SA,5722
ANDERSON,VIC,3995
ANDO,NSW,2631
ANDOVER,TAS,7120
ANDREWS,SA,5454
ANDREWS FARM,SA,5114
ANDROMACHE,QLD,4800
ANDURAMBA,QLD,4355
ANEMBO,NSW,2621
ANGAS PLAINS,SA,5255
ANGASTON,SA,5353
ANGAS VALLEY,SA,5238
ANGELO RIVER,WA,6642
ANGLEDALE,NSW,2550
ANGLEDOOL,NSW,2834
ANGLE PARK,SA,5010
ANGLERS REST,VIC,3898
ANGLESEA,VIC,3230
ANGLE VALE,SA,5117
ANGOURIE,NSW,2464
ANGUS,NSW,2765
ANKETELL,WA,6167
ANNA BAY,NSW,2316
ANNADALE,SA,5356
ANNANDALE,NSW,2038
ANNANGROVE,NSW,2156
ANNERLEY,QLD,4103
ANNUELLO,VIC,3549
ANSONS BAY,TAS,7264
ANSTEAD,QLD,4070
ANTONYMYRE,WA,6714
ANTWERP,VIC,3414
ANULA,NT,812
APAMURRA,SA,5237
APOINGA,SA,5413
APOLLO BAY,VIC,3233
APPILA,SA,5480
APPIN,VIC,3579
APPLEBY,NSW,2340
APPLECROSS,WA,6153
APPLECROSS,WA,6953
APPLETHORPE,QLD,4378
APPLETREE FLAT,NSW,2330
APSLAWN,TAS,7190
BARKER CREEK FLA T,QLD,4615
APSLEY,NSW,2820
APSLEY,VIC,3319
APSLEY,TAS,7030
ARABLE,NSW,2630
ARAKOON,NSW,2431
ARALUEN,NSW,2622
ARAMAC,QLD,4726
ARAMARA,QLD,4620
ARANA HILLS,QLD,4054
ARANBANGA,QLD,4625
ARANDA,ACT,2614
ARAPILES,VIC,3409
ARARAT,VIC,3377
ARATULA,NSW,2714
ARATULA,QLD,4309
ARAWATA,VIC,3951
ARBUCKLE,VIC,3858
ARCADIA,NSW,2159
ARCADIA,VIC,3631
ARCADIA,QLD,4819
ARCADIA VALE,NSW,2283
ARCADIA VALLEY,QLD,4454
ARCHDALE,VIC,3475
ARCHER,NT,830
ARCHERFIELD,QLD,4108
ARCHERTON,VIC,3723
ARDATH,WA,6419
ARDEER,VIC,3022
ARDGLEN,NSW,2338
ARDING,NSW,2358
ARDLETHAN,NSW,2665
ARDMONA,VIC,3629
ARDROSSAN,SA,5571
AREEGRA,VIC,3480
ARGALONG,NSW,2720
ARGENTON,NSW,2284
ARGENTS HILL,NSW,2449
ARGOON,NSW,2707
ARGYLE,VIC,3523
ARGYLE,WA,6239
ARGYLL,QLD,4721
ARKAROOLA VILLAGE,SA,5701
ARMADALE,VIC,3143
ARMADALE,WA,6112
ARMADALE,WA,6992
ARMAGH,SA,5453
ARMATREE,NSW,2828
ARMSTRONG BEACH,QLD,4737
ARMSTRONG CREEK,VIC,3217
ARMSTRONG CREEK,QLD,4520
ARNCLIFFE,NSW,2205
ARNDELL PARK,NSW,2148
ARNO BAY,SA,5603
ARNOLD,NT,852
ARNOLD,VIC,3551
AROONA,QLD,4551
ARRAWARRA,NSW,2456
ARRIGA,QLD,4880
ARRINO,WA,6519
ARTARMON,NSW,1570
ARTARMON,NSW,2064
ARTHUR RIVER,WA,6315
ARTHURS CREEK,VIC,3099
ARTHURS SEAT,VIC,3936
ARTHURTON,SA,5572
ARUMPO,NSW,2715
ARUNDEL,QLD,4214
ASCOT,QLD,4007
ASCOT,QLD,4359
ASCOT,WA,6104
ASCOT PARK,SA,5043
ASCOT VALE,VIC,3032
ASHBOURNE,VIC,3442
ASHBOURNE,SA,5157
ASHBURTON,VIC,3147
ASHBURY,NSW,2193
ASHBY,NSW,2463
ASHBY,WA,6065
ASHCROFT,NSW,2168
ASHENDON,WA,6111
ASHFIELD,NSW,1800
ASHFIELD,NSW,2131
ASHFIELD,WA,6054
ASHFORD,NSW,2361
ASHFORD,SA,5035
ASHGROVE,QLD,4060
ASHLEY,NSW,2400
ASHTON,SA,5137
ASHTONFIELD,NSW,2323
ASHVILLE,SA,5259
ASHWELL,QLD,4340
ASPENDALE,VIC,3195
ASPLEY,QLD,4034
ASQUITH,NSW,2077
ATHELSTONE,SA,5076
ATHERTON,QLD,4883
ATHLONE,VIC,3818
ATHOL,QLD,4350
ATHOL PARK,SA,5012
ATKINSONS DAM,QLD,4311
ATTADALE,WA,6156
ATTUNGA,NSW,2345
ATTWOOD,VIC,3049
ATWELL,WA,6164
AUBREY,VIC,3393
AUBURN,NSW,1835
AUBURN,NSW,2144
AUBURN,VIC,3123
AUBURN,QLD,4413
AUBURN,SA,5451
AUBURN SOUTH,VIC,3122
AUBURN VALE,NSW,2360
AUCHENFLOWER,QLD,4066
AUCHMORE,VIC,3570
AUDLEY,NSW,2232
AUGATHELLA,QLD,4477
AUGUSTA,WA,6290
AUGUSTINE HEIGHTS,QLD,4300
AULDANA,SA,5072
AUSTINMER,NSW,2515
AUSTINS FERRY,TAS,7011
AUSTINVILLE,QLD,4213
AUSTRAL,NSW,2179
AUSTRALIA FAIR,QLD,4215
"AUSTRALIAN DEFENCE 
FORCES",NSW,2890
"AUSTRALIAN NATIONAL 
UNIVERSITY",ACT,200
AUSTRALIA PLAINS,SA,5374
AUSTRALIA SQUARE,NSW,1215
AUSTRALIND,WA,6233
AVALON,VIC,3212
AVALON BEACH,NSW,2107
AVELEY,WA,6069
AVENEL,VIC,3664
AVENUE RANGE,SA,5273
AVOCA,NSW,2577
AVOCA,VIC,3467
AVOCA,TAS,7213
AVOCA BEACH,NSW,2251
AVOCA DELL,SA,5253
AVOCA VALE,QLD,4314
AVON,NSW,2574
AVON,SA,5501
AVONDALE,NSW,2530
AVONDALE HEIGHTS,VIC,3034
AVONMORE,VIC,3559
AVON PLAINS,VIC,3477
AVONSIDE,NSW,2628
AVONSLEIGH,VIC,3782
AVON VALLEY NATIONAL PARK,WA,6084
AYRFORD,VIC,3268
"B
BAAN BAA",NSW,2390
BAANDEE,WA,6412
BABAKIN,WA,6428
BABBAGE ISLAND,WA,6701
BABINDA,NSW,2825
BABINDA,QLD,4861
BACCHUS MARSH,VIC,3340
BACK CREEK,NSW,2372
BACK CREEK,NSW,2422
BACK CREEK,NSW,2484
BACK FOREST,NSW,2535
BACK PLAINS,QLD,4361
BACK VALLEY,SA,5211
BACKWATER,NSW,2365
BACKY POINT,SA,5601
BADAGARANG,NSW,2540
BADDAGINNIE,VIC,3670
BADGEBUP,WA,6317
BADGER CREEK,VIC,3777
BADGER HEAD,TAS,7270
BADGERIN ROCK,WA,6475
BADGERYS CREEK,NSW,2555
BADGIN,WA,6302
BADGINGARRA,WA,6521
BADJALING,WA,6383
BADU ISLAND,QLD,4875
BAERAMI,NSW,2333
BAFFLE CREEK,QLD,4674
BAGNOO,NSW,2446
BAHGALLAH,VIC,3312
BAILIESTON,VIC,3608
BAILUP,WA,6082
BAIRD BAY,SA,5671
BAIRNSDALE,VIC,3875
BAJOOL,QLD,4699
BAKARA,SA,5354
BAKERS BEACH,TAS,7307
BAKERS BEND,QLD,4470
BAKERS CREEK,NSW,2359
BAKERS CREEK,NSW,2447
BAKERS HILL,WA,6562
BAKERY HILL,VIC,3354
BAKEWELL,NT,832
BALACLAVA,VIC,3183
BALAKLAVA,SA,5461
BALBARRUP,WA,6258
BALCATTA,WA,6021
BALCATTA,WA,6914
BALCOLYN,NSW,2264
BALD HILLS,NSW,2549
BALD HILLS,QLD,4036
BALD HILLS,SA,5203
BALDINA,SA,5417
BALDIVIS,WA,6171
BALD KNOB,QLD,4552
BALD NOB,NSW,2370
BALDRY,NSW,2867
BALFOURS PEAK,NSW,2403
BALGA,WA,6061
BALGOWAN,SA,5573
BALGOWLAH,NSW,2093
BALGOWNIE,NSW,2519
BALHANNAH,SA,5242
BALICKERA,NSW,2324
BALINGUP,WA,6253
BALLADONIA,WA,6443
BALLADORAN,NSW,2822
BALLAJURA,WA,6066
BALLAN,VIC,3342
BALLANDEAN,QLD,4382
BALLANGEICH,VIC,3279
BALLAPUR,VIC,3483
BALLARAT,VIC,3353
BALLARD,QLD,4352
BALLAROO,QLD,4455
BALLDALE,NSW,2646
BALLENDELLA,VIC,3561
BALLIDU,WA,6606
BALLIMORE,NSW,2830
BALLINA,NSW,2478
BALLY BALLY,WA,6304
BALLYROGAN,VIC,3375
BALMAIN,NSW,2041
BALMATTUM,VIC,3666
BALMORAL,VIC,3407
BALMORAL,QLD,4171
BALMORAL VILLAGE,NSW,2571
BALNARRING,VIC,3926
BALWYN,VIC,3103
BALWYN NORTH,VIC,3104
BAMAGA,QLD,4876
BAMAWM EXTENSION,VIC,3564
BAMBOO,QLD,4873
BAMBOO CREEK,QLD,4860
BAMBRA,VIC,3241
BAMBUN,WA,6503
BAMGANIE,VIC,3333
BANCA,TAS,7265
BANCROFT,QLD,4630
BANDIANA MILPO,VIC,3694
BANDYA,WA,6440
BANDY CREEK,WA,6450
BANGALEE,NSW,2541
BANGALOW,NSW,2479
BANGHAM,SA,5268
BANGHEET,NSW,2404
BANGHOLME,VIC,3175
BANGO,NSW,2582
BANGOR,SA,5481
BANGOR,TAS,7267
BANKS,ACT,2906
BANKSIA,NSW,2216
BANKSIA BEACH,QLD,4507
BANKSIADALE,WA,6213
BANKSIA GROVE,WA,6031
BANKSIA PARK,SA,5091
BANKSMEADOW,NSW,2019
BANKSTOWN,NSW,1885
BANKSTOWN,NSW,2200
BANNABY,NSW,2580
BANNISTER,WA,6390
BANNOCKBURN,VIC,3331
BANOON,NSW,2347
BANORA POINT,NSW,2486
BANYAN,VIC,3485
BANYENA,VIC,3388
BANYO,QLD,4014
BANYULE,VIC,3084
BARABBA,SA,5460
BARADINE,NSW,2396
BARAMBAH,QLD,4601
BARANGAROO,NSW,2000
BARATTA,SA,5432
BARBALIN,WA,6479
BAR BEACH,NSW,2300
BARBERTON,WA,6510
BARCALDINE,QLD,4725
BARDIA,NSW,2565
BARDON,QLD,4065
BARDWELL PARK,NSW,2207
BAREE,QLD,4714
BAREENA,VIC,3220
BARFOLD,VIC,3444
BARGUNYAH,QLD,4465
BARHAM,NSW,2732
BARINGHUP,VIC,3463
BARKERS CREEK,VIC,3451
BARKLY,VIC,3384
BARLIL,QLD,4605
BARMAH,VIC,3639
BARMEDMAN,NSW,2668
BARMERA,SA,5345
BARNA,SA,5641
BARNADOWN,VIC,3557
BARNAWARTHA,VIC,3688
BARNDIOOTA,SA,5434
BARNEY POINT,QLD,4680
BARNEYS REEF,NSW,2852
BARNEY VIEW,QLD,4287
BARNSLEY,NSW,2278
BAROOGA,NSW,3644
BAROONDAH,QLD,4420
BAROOTA,SA,5495
BAR POINT,NSW,2083
BARRABOOL,VIC,3221
BARRABUP,WA,6275
BARRACK HEIGHTS,NSW,2528
BARRAGUP,WA,6209
BARRAKEE,VIC,3525
BARRAMORNIE,QLD,4416
BARRAPORT,VIC,3537
BARRATTA,NSW,2710
BARRATTA,QLD,4809
BARRETTA,TAS,7054
BARRINE,QLD,4872
BARRINGUN,NSW,2840
BARRINGUN,QLD,4490
BARRON,QLD,4878
BARROW ISLAND,WA,6712
BARRY,NSW,2799
BARRYS REEF,VIC,3458
BARTON,ACT,2600
BARUNAH PARK,VIC,3329
BARUNGA GAP,SA,5520
BARWANG,NSW,2594
BARWITE,VIC,3722
BARWON DOWNS,VIC,3243
BARWON HEADS,VIC,3227
BASAL T,VIC,3460
BASIN POCKET,QLD,4305
BASKERVILLE,WA,6056
BASKET RANGE,SA,5138
BASS,VIC,3991
BASSENDEAN,WA,6934
BASSENDEAN DC,WA,6942
BASS HILL,NSW,2197
BATAR CREEK,NSW,2439
BATCHELOR,NT,845
BATEAU BAY,NSW,2261
BATEHAVEN,NSW,2536
BATEMAN,WA,6150
BATHUMI,VIC,3730
BATLOW,NSW,2730
BATMAN,VIC,3058
BATTERY POINT,TAS,7004
BAUDIN,WA,6284
BAUHINIA,QLD,4718
BAULKHAM HILLS,NSW,1755
BAULKHAM HILLS,NSW,2153
BAWLEY POINT,NSW,2539
BAXTER,VIC,3911
BAYLES,VIC,3981
BAY OF SHOALS,SA,5223
BAYRICK,QLD,4478
BAYSWATER,VIC,3153
BAYSWATER,WA,6053
BAYSWATER,WA,6933
BAYVIEW,NT,820
BAYVIEW,NSW,2104
BAYVIEW HEIGHTS,QLD,4868
BEACH HOLM,QLD,4818
BEACHLANDS,WA,6530
BEACHMERE,QLD,4510
BEACHPORT,SA,5280
BEACON,WA,6472
BEACONSFIELD,VIC,3807
BEACONSFIELD,WA,6162
BEACONSFIELD UPPER,VIC,3808
BEARBONG,NSW,2827
BEARD,ACT,2620
BEARII,VIC,3641
BEARS LAGOON,VIC,3517
BEATRICE,QLD,4886
BEATTY,SA,5320
BEAUFORT,VIC,3373
BEAUFORT,SA,5550
BEAUFORT RIVER,WA,6394
BEAUMARIS,VIC,3193
BEAUMARIS,TAS,7215
BEAUMONT,SA,5066
BEAUMONT HILLS,NSW,2155
BECKENHAM,WA,6107
BEDFORD,WA,6052
BEDFORD PARK,SA,5042
BEDFORD ROAD,VIC,3135
BEDGERABONG,NSW,2871
BEEAC,VIC,3251
BEEBO,QLD,4385
BEECHBORO,WA,6063
BEECHFORD,TAS,7252
BEECHINA,WA,6556
BEECROFT,NSW,2119
BEEDELUP,WA,6260
BEELA,WA,6224
BEELBANGERA,NSW,2680
BEELBEE,QLD,4405
BEELBI CREEK,QLD,4659
BEEMUNNEL,NSW,2824
BEENAK,VIC,3139
BEENONG,WA,6353
BEERBURRUM,QLD,4517
BEERON,QLD,4626
BEERWAH,QLD,4519
BEETALOO VALLEY,SA,5523
BEGGAN BEGGAN,NSW,2587
BEGONIA,QLD,4487
BEJOORDING,WA,6566
BELAIR,SA,5052
BELALIE EAST,SA,5491
BELCONG,QLD,4723
BELCONNEN,ACT,2616
BELCONNEN,ACT,2617
BELDON,WA,6027
BELFIELD,NSW,2191
BELFORD,NSW,2335
BELGIAN GARDENS,QLD,4810
BELGRAVE,VIC,3160
BELGRAVIA,NSW,2800
BELIMBLA PARK,NSW,2570
BELL,NSW,2786
BELL,QLD,4408
BELLAMBI,NSW,2518
BELLARINE,VIC,3223
BELLATA,NSW,2397
BELL BAY,TAS,7253
BELLBIRD CREEK,VIC,3889
BELLBRAE,VIC,3228
BELLELLEN,VIC,3381
BELLERIVE,TAS,7018
BELLEVUE HEIGHTS,SA,5050
BELLEVUE HILL,NSW,2023
BELLFIELD,VIC,3081
BELLINGEN,NSW,2454
BELLINGHAM,TAS,7254
BELLI PARK,QLD,4562
BELLMOUNT FOREST,NSW,2581
BELL PARK,VIC,3215
BELL THORPE,QLD,4514
BELL TREES,NSW,2337
BELMONT,NSW,2280
BELMONT,VIC,3216
BELMONT,QLD,4153
BELMONT,WA,6984
BELMORE,NSW,2192
BELOON,NSW,2787
BELOWRA,NSW,2545
BELROSE,NSW,2085
BEL TANA,SA,5730
BENA,VIC,3946
BENALLA,VIC,3671
BENALLA,VIC,3672
BENAMBRA,VIC,3900
BEN BULLEN,NSW,2790
BENCUBBIN,WA,6477
BENDEMEER,NSW,2355
BENDICK MURRELL,NSW,2803
BENDIGO,VIC,3550
BENDIGO,VIC,3552
BENDIGO DC,VIC,3554
BENDOC,VIC,3888
BEND OF ISLANDS,VIC,3097
BENGER,WA,6223
BENHOLME,QLD,4754
BENJABERRING,WA,6463
BENJINUP,WA,6255
BENLOCH,VIC,3435
BEN LOMOND,TAS,7212
BENNETTS GREEN,NSW,2290
BENNISON,VIC,3960
BENOBBLE,QLD,4275
BENOLONG,NSW,2818
BENOWA,QLD,4217
BENTLEIGH,VIC,3204
BENTLEIGH EAST,VIC,3165
BENTLEY,NSW,2480
BENTLEY,WA,6102
BENTLEY,WA,6982
BENTLEY DC,WA,6983
BENTLEY PARK,QLD,4869
BENWERRIN,VIC,3235
BERALA,NSW,2141
BERAMBING,NSW,2758
BERESFIELD,NSW,2322
BERGALIA,NSW,2537
BERGEN,QLD,4353
BERKELEY,NSW,2506
BEROWRA,NSW,2081
BEROWRA CREEK,NSW,2082
BERRAMBOOL,NSW,2548
BERRI,SA,5343
BERRIGAN,NSW,2712
BERRIMAH,NT,828
BERRIMAL,VIC,3518
BERRINBA,QLD,4117
BERRINGA,VIC,3351
BERRIWILLOCK,VIC,3531
BERRYBANK,VIC,3323
BERRY JERRY,NSW,2701
BERRY PARK,NSW,2321
BERRYS CREEK,VIC,3953
BERRY SPRINGS,NT,838
BERSERKER,QLD,4701
BERWICK,VIC,3806
BESSIEBELLE,VIC,3304
BET BET,VIC,3472
BETHANIA,QLD,4205
BETHANY,SA,5352
BETHUNGRA,NSW,2590
BEULAH,VIC,3395
BEULAH PARK,SA,5067
BEVERFORD,VIC,3590
BEVERIDGE,VIC,3753
BEVERLEY PARK,NSW,2217
BEVERLY HILLS,NSW,2209
BIARRA,QLD,4313
BIBARINGA,SA,5118
BIBBENLUKE,NSW,2632
BIBRA LAKE,WA,6163
BIBRA LAKE,WA,6965
BICKLEY,WA,6076
BICTON,WA,6157
BIDGEEMIA,NSW,2642
BIDWILL,NSW,2770
BIELSDOWN HILLS,NSW,2453
BIG DESERT,VIC,3490
BIGGA,NSW,2583
BIGGENDEN,QLD,4621
BIGGERA WATERS,QLD,4216
BIGGS FLAT,SA,5153
BIG HILL,NSW,2579
BIG HILL,VIC,3555
BIG JACKS CREEK,NSW,2339
BIG PATS CREEK,VIC,3799
BILINGA,QLD,4225
BILINGURR,WA,6725
BILLA BILLA,QLD,4390
BILLA KALINA,SA,5720
BILLEROO WEST,SA,5440
BILLEROY,NSW,2829
BILLIMARI,NSW,2804
BOX HILL,VIC,3128
BILLINUDGEL,NSW,2483
BILOELA,QLD,4715
BILYANA,QLD,4854
BIMBERI,NSW,2611
BIMBI,NSW,2810
BIMBOURIE,VIC,3533
BINALONG,NSW,2584
BINDEBANGO,QLD,4488
BINDI,VIC,3896
BINDI BINDI,WA,6574
BINDOON,WA,6502
BINDULI,WA,6430
BINGIL BAY,QLD,4852
BINGINWARRI,VIC,3966
BINIGUY,NSW,2399
BINNAWAY,NSW,2395
BINNUM,SA,5262
BIRCHMONT,WA,6214
BIRCHS BAY,TAS,7162
BIRDSVILLE,QLD,4482
BIRDWOOD,SA,5234
BIRDWOODTON,VIC,3505
BIRKDALE,QLD,4159
BIRKENHEAD,SA,5015
BIRMINGHAM GARDENS,NSW,2287
BIRRALEE,TAS,7303
BIRREGURRA,VIC,3242
BIRRIWA,NSW,2844
BIRRONG,NSW,2143
BIRTINYA,QLD,4575
BISHOPSBOURNE,TAS,7301
BITTERN,VIC,3918
BLACKALL,QLD,4472
BLACKBURN,VIC,3130
BLACKBUTT,NSW,2529
BLACKFELLOWS CREEK,SA,5201
BLACKFORD,SA,5275
BLACK HEAD,NSW,2430
BLACKHEATH,NSW,2785
BLACKHEATH,VIC,3401
BLACK HILLS,TAS,7140
BLACKMANS BAY,TAS,7052
BLACKMANS POINT,NSW,2444
BLACK MOUNTAIN,QLD,4563
BLACK RIVER,TAS,7321
BLACKSMITHS,NSW,2281
BLACK SNAKE,QLD,4600
BLACKSTONE,QLD,4304
BLACKSTONE HEIGHTS,TAS,7250
BLACKVILLE,NSW,2343
BLACKWALL,NSW,2256
BLACKWALL,TAS,7275
BLACKWARRY,VIC,3844
BLACKWATER,QLD,4717
BLACKWOOD,SA,5051
BLAIR ATHOL,SA,5084
BLAIRGOWRIE,VIC,3942
BLAIRMOUNT,NSW,2559
BLAKEHURST,NSW,2221
BLAKISTON,SA,5250
BLANCHE HARBOR,SA,5700
BLANCHETOWN,SA,5357
BLAND,NSW,2721
BLAXCELL,NSW,2142
BLAXLAND,NSW,2774
BLENHEIM,QLD,4341
BLEWITT SPRINGS,SA,5171
BLI BLI,QLD,4560
BLIGH PARK,NSW,2756
BLIGHTY,NSW,2713
BLIND BIGHT,VIC,3980
BLOOMFIELD,QLD,4895
BLOOMSBURY,QLD,4799
BLUE COW,NSW,2624
BLUE HAVEN,NSW,2262
BLUE NOBBY,NSW,2408
BLUE ROCKS,TAS,7255
BLUE VALE,NSW,2380
BLUEYS BEACH,NSW,2428
BLUFF BEACH,SA,5575
BLUMONT,TAS,7260
BLYTH,SA,5462
BLYTHEWOOD,WA,6208
BOAMBEE,NSW,2450
BOAMBEE EAST,NSW,2452
BOATMAN,QLD,4468
BOBADAH,NSW,2877
BOBALONG,WA,6320
BOBIN,NSW,2429
BOBINAWARRAH,VIC,3678
BOCHARA,VIC,3301
BOCKELBERG,SA,5655
BOCOBRA,NSW,2865
BODALLIN,WA,6424
BOEILL CREEK,NSW,2739
BOGAN,NSW,2826
BOGANDILLA,QLD,4425
BOGANGAR,NSW,2488
BOGAN GATE,NSW,2876
BOGEE,NSW,2849
BOGGABILLA,NSW,2409
BOGGABRI,NSW,2382
BOGIE,QLD,4805
BOGONG,VIC,3699
BOHO,VIC,3669
BOISDALE,VIC,3860
BOKAL,WA,6392
BOLANGUM,VIC,3387
BOLGART,WA,6568
BOLINDA,VIC,3432
BOLIVAR,SA,5110
BOL TON,VIC,3546
BOMBAH POINT,NSW,2423
BOMBO,NSW,2533
BOMERA,NSW,2357
BONA VISTA,VIC,3820
BONBEACH,VIC,3196
BONDI,NSW,2026
BONDI JUNCTION,NSW,1355
BONDI JUNCTION,NSW,2022
BONEO,VIC,3939
BONGEEN,QLD,4356
BONNET BAY,NSW,2226
BONNET HILL,TAS,7053
BONNIE BROOK,VIC,3335
BONNIE DOON,VIC,3720
BONNY HILLS,NSW,2445
BONNYRIGG,NSW,2177
BONYTHON,ACT,2905
BOODARIE,WA,6722
BOODAROCKIN,WA,6423
BOOKAAR,VIC,3260
BOOKABIE,SA,5690
BOOKER BAY,NSW,2257
BOOKPURNONG,SA,5333
BOOLARRA,VIC,3870
BOOLBOONDA,QLD,4671
BOOLCARROLL,NSW,2388
BOOLE POOLE,VIC,3880
BOOLEROO CENTRE,SA,5482
BOOLGUN,SA,5330
BOOLIGAL,NSW,2711
BOOLITE,VIC,3392
BOOL LAGOON,SA,5271
BOOMAHNOOMOONAH,VIC,3728
BOOMER BAY,TAS,7177
BOOMI,NSW,2405
BOONDANDILLA,QLD,4406
BOONERDO,SA,5633
BOORABBIN,WA,6429
BOORAGOON,WA,6954
BOORAL,QLD,4655
BOORARA,WA,6431
BOORARA BROOK,WA,6262
BOORCAN,VIC,3265
BOORGA,NSW,2652
BOORHAMAN NORTH,VIC,3685
BOOROWA,NSW,2586
BOORS PLAIN,SA,5554
BORAH CREEK,NSW,2346
BORALMA,VIC,3682
BORANUP,WA,6286
BORA RIDGE,NSW,2471
BOREEN POINT,QLD,4565
BORNES HILL,VIC,3379
BORONIA,VIC,3155
BORONIA HEIGHTS,QLD,4124
BOROREN,QLD,4678
BORRIKA,SA,5309
BORROLOOLA,NT,854
BOSTON,SA,5607
BOTANIC RIDGE,VIC,3977
BOTANY,NSW,1455
BOULDER,WA,6432
BOUNDAIN,WA,6312
BOUNDARY BEND,VIC,3599
BOURNEWOOD,NSW,2868
BOUVARD,WA,6211
BOWAN PARK,NSW,2864
BOW BOWING,NSW,2566
BOW BRIDGE,WA,6333
BOWDEN,SA,5007
BOWEN HILLS,QLD,4006
BOWENVILLE,QLD,4404
BOWEYA,VIC,3675
BOWGADA,WA,6623
BOWMANS FOREST,VIC,3735
BOWNA,NSW,2644
BOWRAL,NSW,2576
BOX HILL NORTH,VIC,3129
BOXWOOD,VIC,3725
BOYANUP,WA,6237
BOYDTOWN,NSW,2551
BOYERINE,WA,6316
BOYUP BROOK,WA,6244
BRABHAM,WA,6055
BRACALBA,QLD,4512
BRACKEN RIDGE,QLD,4017
BRACKNELL,TAS,7302
BRADDON,ACT,2612
BRADFIELD,NSW,2556
BRADVALE,VIC,3361
BRADY CREEK,SA,5381
BRAHMA LODGE,SA,5109
BRAMFIELD,SA,5670
BRAMLEY,WA,6285
BRANDON,QLD,4808
BRANDON PARK,VIC,3150
BRANDUM,TAS,7304
BRANDY CREEK,VIC,3821
BRANXHOLM,TAS,7261
BRANXHOLME,VIC,3302
BRAY,SA,5276
BRAYBROOK,VIC,3019
BRAY PARK,QLD,4500
BRAZIER,WA,6251
BREADALBANE,TAS,7258
BREAKAWAY CREEK,VIC,3303
BREAKFAST POINT,NSW,2137
BREAKWATER,VIC,3219
BREAM CREEK,TAS,7175
BREDBO,NSW,2626
BREEZA,NSW,2381
BRENTFORD SQUARE,VIC,3131
BRERETON,NSW,2752
BRETON BAY,WA,6043
BREWARRINA,NSW,2839
BRIAR HILL,VIC,3088
BRIDGENORTH,TAS,7277
BRIDGES,QLD,4561
BRIDGEWATER,VIC,3516
BRIDGEWATER,SA,5155
BRIDPORT,TAS,7262
BRIGALOW,QLD,4412
BRIGHTON,VIC,3186
BRIGHTON,SA,5048
BRIGHTON EAST,VIC,3187
BRIGHTON ROAD,VIC,3184
BRIM,VIC,3391
BRIMBAGO,SA,5267
BRINGALILY,QLD,4357
BRISBANE,QLD,4001
BRISBANE ADELAIDE STREET,QLD,4000
BRISBANE AIRPORT,QLD,4008
BRISBANE MARKET,QLD,4106
BRIT BRIT,VIC,3315
BROADBEACH,QLD,4218
BROADFORD,VIC,3658
BROADMEADOW,NSW,2292
BROADMEADOWS,VIC,3047
BROADVIEW,SA,5083
BROADWATER,NSW,2472
BROADWAY,NSW,2007
BROADWAY NEDLANDS,WA,6009
BROBENAH,NSW,2705
BROGANS CREEK,NSW,2848
BROKE,WA,6398
BROKEN CREEK,VIC,3673
BROKEN HEAD,NSW,2481
BROKEN HILL,NSW,2880
BROKEN RIVER,QLD,4757
BRONTE,NSW,2024
BROOKDALE,NSW,2656
BROOKFIELD,VIC,3338
BROOKFIELD,QLD,4069
BROOKLYN,VIC,3012
BROOKLYN PARK,SA,5032
BROOKS BAY,TAS,7116
BROOKSIDE CENTRE,QLD,4053
BROOKSTEAD,QLD,4364
BROOMAN,NSW,2538
BROOMEHILL,WA,6318
BROUGHTON,VIC,3418
BROUGHTON VILLAGE,NSW,2534
BROWN HILL CREEK,SA,5062
BROWNS PLAINS,QLD,4118
BRUARONG,VIC,3749
BRUCE,SA,5433
BRUCE ROCK,WA,6418
BRUIE PLAINS,NSW,2875
BRUKUNGA,SA,5252
BRUMBY,VIC,3885
BRUNGLE,NSW,2722
BRUNSWICK,VIC,3056
BRUNSWICK EAST,VIC,3057
BRUNSWICK SOUTH,VIC,3055
BRUSH CREEK,QLD,4387
BRYDEN,QLD,4312
BRYMAROO,QLD,4403
BUCASIA,QLD,4750
BUCKETTY,NSW,2250
BUCKINGHAM,SA,5270
BUCKLAND,VIC,3740
BUCKLAND,WA,6401
BUCKLAND PARK,SA,5120
BUCKLEY,VIC,3240
BUDERIM,QLD,4556
BUDGEE BUDGEE,VIC,3862
BUFFALO,VIC,3958
BUGLE RANGES,SA,5251
BULARL DI WUNAMI,WA,6728
BULART,VIC,3314
BULDAH,VIC,3890
BULGA,VIC,3586
BULLA,NSW,2835
BULLA,VIC,3428
BULLABURRA,NSW,2784
BULLAHARRE,VIC,3266
BULLARING,WA,6373
BULLARTO,VIC,3461
BULL CREEK,WA,6149
BULLEEN,VIC,3105
BULLENGAROOK,VIC,3437
BULLFINCH,WA,6484
BULLI,NSW,2516
BULLIOH,VIC,3700
BULLOCK HILLS,WA,6350
BULLOCKS FLAT,NSW,2627
BULLOO DOWNS,QLD,4492
BULWER,QLD,4025
BULYEROI,NSW,2387
BUMBALDRY,NSW,2794
BUMBERRAH,VIC,3902
BUNBARTHA,VIC,3634
BUNBURY,SA,5266
BUNBURY,WA,6230
BUNBURY,WA,6231
BUNDANOON,NSW,2578
BUNDANOON,WA,6522
BUNDEENA,NSW,2230
BUNDEMAR,NSW,2823
BUNDI,QLD,4419
BUNDJALUNG,NSW,2473
BUNDOORA,VIC,3083
BUNDURE,NSW,2700
BUNGAL,VIC,3334
BUNGAMA,SA,5540
BUNGAREE,TAS,7256
BUNGARRIBEE,NSW,2767
BUNGEET,VIC,3726
BUNGULUKE,VIC,3527
BUNGUNYA,QLD,4494
BUNINYONG,VIC,3357
BUNJIL,WA,6620
BUNNALOO,NSW,2731
BUNTINE,WA,6613
BUNYA,QLD,4055
BUNYIP,VIC,3815
BURAKIN,WA,6467
BURAMINYA,WA,6452
BURBANK,QLD,4156
BUREEN,NSW,2328
BUREKUP,WA,6227
BURKES BRIDGE,VIC,3568
BURKETOWN,QLD,4830
BURLEIGH DC,QLD,4220
BURNEWANG,VIC,3558
BURNLEY,VIC,3121
BURNS BEACH,WA,6028
BURNSIDE,VIC,3023
BURNT YARDS,NSW,2792
BURPENGARY,QLD,4505
BURRA,NSW,2653
BURRA BURRI,QLD,4410
BURRACOPPIN,WA,6421
BURRAN ROCK,WA,6490
BURREN JUNCTION,NSW,2386
BURROWAY,NSW,2821
BURROWYE,VIC,3709
BURSWOOD,WA,6100
BURTON,QLD,4742
BURWOOD,NSW,1805
BURWOOD,NSW,2134
BURWOOD,VIC,3125
BURWOOD EAST,VIC,3151
BURWOOD HEIGHTS,NSW,2136
BUSHFIELD,VIC,3281
BUTCHERS CREEK,QLD,4885
BUTE,SA,5560
BUTLER,SA,5605
BUTLER,WA,6036
BUXTON,VIC,3711
BYADUK NORTH,VIC,3300
BYFORD,WA,6122
BYLANDS,VIC,3762
BYRNESIDE,VIC,3617
BYROCK,NSW,2831
CABLE BEACH,WA,6726
CABRAMATTA,NSW,2166
CADDENS,NSW,2747
CADELL,SA,5321
CADOUX,WA,6466
CAFFREYS FLAT,NSW,2424
CALAMVALE,QLD,4116
CALDER,TAS,7325
CALDER PARK,VIC,3037
CALEN,QLD,4798
CALIFORNIA GULLY,VIC,3556
CALINGIRI,WA,6569
CALIPH,SA,5310
CALIVIL,VIC,3573
CALLAGHAN,NSW,2308
CALLINGTON,SA,5254
CALLIOPE,NSW,2462
CAL TOWIE,SA,5490
CALVERT,NT,862
CAMBARVILLE,VIC,3779
CAMBERWELL,VIC,3124
CAMBERWELL EAST,VIC,3126
CAMBOON,QLD,4719
CAMBOOYA,QLD,4358
CAMBRIDGE GULF,WA,6743
CAMDEN HEAD,NSW,2443
CAMDEN PARK,SA,5038
CAMENA,TAS,7316
CAMERON PARK,NSW,2285
CAMMERAY,NSW,2062
CAMOOWEAL,QLD,4828
CAMPANIA,TAS,7026
CAMPBELLFIELD,VIC,3061
CAMPBELLS POCKET,QLD,4521
CAMPBELL TOWN,SA,5074
CAMPBELL TOWN,TAS,7210
CAMPERDOWN,NSW,1450
CAMPERDOWN,NSW,2050
CAMP HILL,QLD,4152
CAMPOONA,SA,5640
CAMPSIE,NSW,2194
CAMPVALE,NSW,2318
CANBERRA AIRPORT,ACT,2609
CANBERRA BC,ACT,2610
CANE,WA,6710
CANIAMBO,VIC,3630
CANNA,WA,6627
CANNIE,VIC,3540
CANNINGTON,WA,6987
CANNING VALE,WA,6155
CANNING VALE DC,WA,6970
CANNON HILL,QLD,4170
CANOELANDS,NSW,2157
CANOWIE,SA,5419
CANOWIE BEL T,SA,5420
CANTON BEACH,NSW,2263
CAPALABA,QLD,4157
CAPE BARREN ISLAND,TAS,7257
CAPE JERVIS,SA,5204
CAPEL,WA,6271
CAPEL SOUND,VIC,3940
CAPE RANGE NATIONAL PARK,WA,6707
CAPERTEE,NSW,2846
CAPE WOOLAMAI,VIC,3925
CAPOOMPETA,NSW,2371
CAPTAINS FLAT,NSW,2623
CARABAN,WA,6041
CARABOODA,WA,6033
CARAG CARAG,VIC,3623
CARAMUT,VIC,3274
CARAWA,SA,5680
CARBROOK,QLD,4130
CARCOAR,NSW,2791
CARCUMA,SA,5301
CARDINIA,VIC,3978
CARDROSS,VIC,3496
CARDWELL,QLD,4849
CAREY GULLY,SA,5144
CARINA,VIC,3512
CARINE,WA,6020
CARINGBAH,NSW,1495
CARINGBAH,NSW,2229
CARISBROOK,VIC,3464
CARLINGFORD,NSW,2118
CARLISLE,WA,6101
CARLISLE RIVER,VIC,3239
CARL TON,VIC,3053
CARL TON,TAS,7173
CARL TON NORTH,VIC,3054
CARMILA,QLD,4739
CARNAMAH,WA,6517
CARNEGIE,VIC,3163
CARNES HILL,NSW,2171
CARPENDALE,QLD,4344
CARPENTARIA,QLD,4823
CARRAMAR,NSW,2163
CARRICK,TAS,7291
CARRIEWERLOO,SA,5715
CARRINGTON,NSW,2294
CARRUM,VIC,3197
CARRUM DOWNS,VIC,3201
CARSTAIRS,QLD,4806
CARWARP,VIC,3494
CASEY,ACT,2913
CASEY,TAS,7151
CASSILIS,NSW,2329
CASTAWAYS BEACH,QLD,4567
CASTERTON,VIC,3311
CASTLE COVE,NSW,2069
CASTLECRAG,NSW,2068
CASTLE DONNINGTON,VIC,3585
CASTLE HILL,NSW,1765
CASTLE HILL,NSW,2154
CASTLEMAINE,VIC,3450
CASTLEREAGH,NSW,2749
CASUARINA,NT,811
CASUARINA,NSW,2487
CASULA,NSW,2170
CATABY,WA,6507
CATHERINE FIELD,NSW,2557
CATTLE CREEK,QLD,4407
CAULFIELD,VIC,3162
CAULFIELD EAST,VIC,3145
CAULFIELD JUNCTION,VIC,3161
CAVAN,SA,5094
CAVEAT,VIC,3660
CAVENAGH,SA,5422
CECIL PARK,NSW,2178
CENTENNIAL PARK,NSW,2021
CENTRAL MACDONALD,NSW,2775
CERVANTES,WA,6511
CHADSTONE,VIC,3148
CHAFFEY,SA,5341
CHAIN OF PONDS,SA,5231
CHAMBERS FLAT,QLD,4133
CHANDLER,QLD,4155
CHARAM,VIC,3318
CHARLEROI,VIC,3695
"CHARLES DARWIN 
UNIVERSITY",NT,815
"CHARLES DARWIN 
UNIVERSITY",NT,909
CHARLES STURT UNIVERSITY,NSW,2678
CHARLESTON,SA,5244
CHARLESTOWN,QLD,4608
CHARNWOOD,ACT,2615
CHATSWOOD,NSW,2057
CHATSWOOD,NSW,2067
CHELMER,QLD,4068
CHELMSFORD,QLD,4606
CHEL TENHAM,VIC,3192
CHERMSIDE,QLD,4032
CHEROKEE,VIC,3434
CHERRYBROOK,NSW,2126
CHERRY TREE POOL,WA,6395
CHERRYVILLE,SA,5134
CHESTER HILL,NSW,2162
CHEVALLUM,QLD,4555
CHEYNES,WA,6328
CHICHESTER,WA,6751
CHIFLEY,NSW,2036
CHIFLEY,ACT,2606
CHILDERS,VIC,3824
CHILPENUNDA,SA,5660
CHIL TERN,VIC,3683
CHINANGIN,VIC,3544
CHINTIN,VIC,3756
CHIPPENDALE,NSW,2008
CHIRNSIDE PARK,VIC,3116
CHRISTIE DOWNS,SA,5164
CHRISTIES BEACH,SA,5165
CHRISTMAS HILLS,VIC,3775
CHRISTMAS ISLAND,WA,6798
CHULLORA,NSW,2190
CHURCHILL,VIC,3842
CHURCHLANDS,WA,6018
CHURCH POINT,NSW,2105
CITY BEACH,WA,6015
CITY DELIVERY CENTRE,WA,6000
CITY EAST,QLD,4002
CLACKLINE,WA,6564
CLAREMONT,WA,6010
CLAREMONT,WA,6910
CLARENCE GARDENS,SA,5039
CLARENCE PARK,SA,5034
CLARENDON VALE,TAS,7019
CLARINDA,VIC,3169
CLARKE CREEK,QLD,4705
CLARKEFIELD,VIC,3430
CLARKSON,WA,6030
CLAYFIELD,QLD,4011
CLAYTON,VIC,3168
CLAYTON BAY,SA,5256
CLEAR ISLAND WATERS,QLD,4226
CLEARVIEW,SA,5085
CLELAND,SA,5152
CLEMTON PARK,NSW,2206
CLEVELAND,QLD,4163
CLEVELAND,TAS,7211
CLIFFORD,QLD,4427
CLIFTON BEACH,QLD,4879
CLIFTON BEACH,TAS,7020
CLIFTON HILL,VIC,3068
CLIFTON SPRINGS,VIC,3222
CLINTON,SA,5570
CLOISTERS SQUARE PO,WA,6850
CLONCURRY,QLD,4824
CLONTARF,QLD,4019
CLOVELLY,NSW,2031
CLOVERDALE,WA,6105
CLOVERDALE,WA,6985
CLOVERLEA,VIC,3822
CLUDEN,QLD,4811
CLUNES,VIC,3370
COALCLIFF,NSW,2508
COASTERS RETREAT,NSW,2108
COBDOGLA,SA,5346
COBRAM,VIC,3643
COCATA,SA,5654
COCKALEECHIE,SA,5631
COCKATOO,VIC,3781
COCKATOO ISLAND,WA,6731
COCOROC,VIC,3030
CODJATOTINE,WA,6308
CODRINGTON,VIC,3285
COKUM,VIC,3542
COLAC,VIC,3250
COLDSTREAM,VIC,3770
COLEBEE,NSW,2761
COLEBROOK,TAS,7027
COLES,SA,5272
COLEYVILLE,QLD,4307
COLLARENEBRI,NSW,2833
COLLAROY,NSW,2097
COLLEGE PARK,SA,5069
COLLINGWOOD,VIC,3066
COLLINGWOOD PARK,QLD,4301
COLLINS STREET EAST,VIC,8003
COLLINS STREET WEST,VIC,8007
COLLINSVALE,TAS,7012
COLLINSVILLE,QLD,4804
COLLINSVILLE,SA,5418
COLLINSWOOD,SA,5081
COLONEL LIGHT GARDENS,SA,5041
COLUMBOOLA,QLD,4415
COLYTON,NSW,2760
COMAUM,SA,5277
COMBANING,NSW,2666
COME BY CHANCE,NSW,2832
COMMODINE,WA,6311
COMO,QLD,4571
COMO,WA,6152
COMO,WA,6952
COMOON LOOP,QLD,4858
CONCORD WEST,NSW,2138
CONDAH SWAMP,VIC,3286
CONDON,QLD,4815
CONGUPNA,VIC,3633
CONISTON,NSW,2500
CONSTITUTION HILL,NSW,2145
COOBER PEDY,SA,5723
COOBOWIE,SA,5583
COOCHIEMUDLO ISLAND,QLD,4184
COODANUP,WA,6210
COOGEE,NSW,2034
COOGEE,WA,6166
COOKE PLAINS,SA,5261
COOKERNUP,WA,6219
COOLABINE,QLD,4574
COOLADAR HILL,WA,6638
COOLADDI,QLD,4479
COOLAH,NSW,2843
COOLALINGA,NT,839
COOLAROO,VIC,3048
COOLATAI,NSW,2402
COOLBINIA,WA,6050
COOLOOLA,QLD,4580
COOLOONGUP,WA,6168
COOLUM BEACH,QLD,4573
COOMA,VIC,3616
COOMBERDALE,WA,6512
COOMEALLA,NSW,2717
COOMERA,QLD,4209
COOMRITH,QLD,4422
COONALPYN,SA,5265
COONAWARRA,SA,5263
COONEYS CREEK,NSW,2726
COOPERNOOK,NSW,2426
COORAN,QLD,4569
COORANBONG,NSW,2265
COORONG,SA,5264
COOROW,WA,6515
COORPAROO,QLD,4151
COOTRA,SA,5650
COOYAR,QLD,4402
COOYERDOO,SA,5611
COPEVILLE,SA,5308
COPLEY,SA,5732
COPPING,TAS,7174
CORA LYNN,VIC,3814
CORDEAUX,NSW,2526
CORFIELD,QLD,4733
CORINDA,QLD,4075
CORINTHIA,WA,6426
CORIO,VIC,3214
CORLETTE,NSW,2315
COROROOKE,VIC,3254
CORROWONG,NSW,2633
CORYMBIA,QLD,4513
COSSACK,NT,850
COSSACK,WA,6720
COTHAM,VIC,3101
COTTAGE POINT,NSW,2084
COTTESLOE,WA,6011
COTTESLOE,WA,6911
COTTON TREE,QLD,4558
COTTONVALE,NSW,4375
COUCH BEACH,SA,5577
COWALELLUP,WA,6336
COWANDILLA,SA,5033
COWANGIE,VIC,3506
COWCOWING,WA,6485
COWELL,SA,5602
COWES,VIC,3922
COWLEDS LANDING,SA,5609
COWWARR,VIC,3857
CRABTREE,TAS,7109
CRACE,ACT,2911
CRAIGIE,WA,6025
CRAIGIEBURN,VIC,3064
CRAIGLIE,QLD,4877
CRAMPHORNE,WA,6420
CRANBROOK,WA,6321
CREMORNE,NSW,2090
CREMORNE,TAS,7024
CRESSY,VIC,3322
CRESTMEAD,QLD,4132
CRESWICK,VIC,3363
CRIB POINT,VIC,3919
CRINGILA,NSW,2502
CROMER,NSW,2099
CROMER,SA,5235
CROOKED BROOK,WA,6236
CROPPA CREEK,NSW,2411
CROSSLEY,VIC,3283
CROWDY HEAD,NSW,2427
CROWLEY VALE,QLD,4342
CROWS NEST,NSW,1585
CROWS NEST,NSW,2065
CROYDON,NSW,2132
CROYDON,VIC,3136
CROYDON,SA,5008
CROYDON PARK,NSW,2133
CUDGEWA,VIC,3705
CUDLEE CREEK,SA,5232
CUE,WA,6640
CULCAIRN,NSW,2660
CULGOA,VIC,3530
CULLACABARDEE,WA,6067
CULLIVEL,NSW,2645
CUNDEELEE,WA,6434
CUNDERDIN,WA,6407
CUNNINYEUK,NSW,2734
CURL CURL,NSW,2096
CURLEW WATERS,NSW,2672
CURRABUBULA,NSW,2342
CURRAJONG,QLD,4812
CURRAMULKA,SA,5580
CURRANS HILL,NSW,2567
CURRENCY CREEK,SA,5214
CURRUMBIN,QLD,4223
CURTIN,ACT,2605
CUSTON,SA,5269
"D
DAADENNING CREEK",WA,6410
DACEYVILLE,NSW,2032
DADSWELLS BRIDGE,VIC,3385
DAGLISH,WA,6008
DAISY HILL,QLD,4127
DAKABIN,QLD,4503
DALES CREEK,VIC,3341
DALVEEN,QLD,4374
DALWALLINU,WA,6609
DALYSTON,VIC,3992
DAMPIER,WA,6713
DANDENONG SOUTH,VIC,3164
DANGAR,NSW,2309
DARBYS FALLS,NSW,2793
DARKE PEAK,SA,5642
DARLINGHURST,NSW,1300
DARLINGHURST,NSW,2010
DARLING POINT,NSW,2027
DARLINGTON,VIC,3271
DARLINGTON,SA,5047
DARLINGTON,WA,6070
DARLINGTON POINT,NSW,2706
DARRA,QLD,4076
DARTMOUTH,VIC,3701
DARWIN,NT,801
DARWIN CITY,NT,800
DARWIN RIVER,NT,841
DAVESON,QLD,4855
DAVEYSTON,SA,5355
DAVOREN PARK,SA,5113
DAYMAR,QLD,4497
DECEPTION BAY,QLD,4508
DELACOMBE,VIC,3356
DENBARKER,WA,6324
DENHAM,WA,6537
DENISTONE,NSW,2114
DENISTONE EAST,NSW,2112
DENNINGTON,VIC,3280
DERNANCOURT,SA,5075
DERRIMUT,VIC,3026
DERRINALLUM,VIC,3325
DERWENT PARK,TAS,7009
DEVEREUX CREEK,QLD,4753
DEVILS CREEK,WA,6630
DEVON HILLS,TAS,7300
DEWARS POOL,WA,6567
DHURAGOON,NSW,2733
DHURRINGILE,VIC,3610
DIAMANTINA LAKES,QLD,4735
DIAMOND CREEK,VIC,3089
DIAMOND VALLEY,QLD,4553
DIANELLA,WA,6059
DIDDILLIBAH,QLD,4559
DIGBY,VIC,3309
DIGGERS REST,VIC,3427
DINGABLEDINGA,SA,5172
DINGEE,VIC,3571
DINGLEY VILLAGE,VIC,3172
DINMORE,QLD,4303
DIRRANBANDI,QLD,4486
DOCKLANDS,VIC,3008
DOCKLANDS,VIC,8012
DOCTORS FLAT,VIC,3895
DOLLS POINT,NSW,2219
DONCASTER,VIC,3108
DONCASTER EAST,VIC,3109
DONVALE,VIC,3111
DOOBOOBETIC,VIC,3478
DOODLAKINE,WA,6411
DOOKIE,VIC,3646
DOOKIE COLLEGE,VIC,3647
DOOLANDELLA,QLD,4077
DOREEN,VIC,3754
DOUBLE BAY,NSW,1360
DOUBLE BAY,NSW,2028
DOUBLE BRIDGES,VIC,3893
DOUGLAS,QLD,4354
DOUGLAS PARK,NSW,2569
DOVER,TAS,7117
DOVER HEIGHTS,NSW,2030
DOVETON,VIC,3177
DOWERIN,WA,6461
DOWSING POINT,TAS,7010
DRIFFIELD,VIC,3840
DRILLHAM,QLD,4424
DRUMANURE,VIC,3636
DRUMMOND NORTH,VIC,3446
DRUMMOYNE,NSW,1470
DRUMMOYNE,NSW,2047
DRYSDALE RIVER,WA,6740
DUARINGA,QLD,4712
DUDININ,WA,6363
DULCOT,TAS,7025
DULWICH,SA,5065
DULWICH HILL,NSW,2203
DULYALBIN,WA,6425
DUMBALK,VIC,3956
DUNCRAIG,WA,6023
DUNDAS,NSW,2117
DUNDEE BEACH,NT,840
DUNKELD,VIC,3294
DUNN ROCK,WA,6355
DUNSBOROUGH,WA,6281
DURAL,NSW,2158
DURANILLIN,WA,6393
DURHAM OX,VIC,3576
DURI,NSW,2344
DUTTON PARK,QLD,4102
DYNNYRNE,TAS,7005
DYSART,QLD,4745
EAGLE FARM,QLD,4009
EAGLEHAWK NECK,TAS,7179
EAGLE POINT,VIC,3878
EAGLE VALE,NSW,2558
EAST BRISBANE,QLD,4169
EASTERN CREEK,NSW,2766
EASTERN SUBURBS MC,NSW,2004
EAST FREMANTLE,WA,6158
EAST HILLS,NSW,2213
EAST KILLARA,NSW,2071
EASTLAKES,NSW,2018
EAST LINDFIELD,NSW,2070
EAST LYONS RIVER,WA,6705
EAST MELBOURNE,VIC,3002
EAST MELBOURNE,VIC,8002
EAST PERTH,WA,6004
EAST PERTH,WA,6892
EAST POPANYINNING,WA,6309
EAST RYDE,NSW,2113
EAST SALE,VIC,3852
EAST VICTORIA PARK,WA,6981
EAST WICKEPIN,WA,6370
EASTWOOD,NSW,2122
EASTWOOD,SA,5063
EATON,WA,6232
EATONS HILL,QLD,4037
EDEN PARK,VIC,3757
EDILLILIE,SA,5630
EDINBURGH,SA,5111
EDMONDSON PARK,NSW,2174
EGLINTON,WA,6034
EIGHT MILE PLAINS,QLD,4113
EILDON,VIC,3713
ELANORA,QLD,4221
ELANORA HEIGHTS,NSW,2101
ELDORADO,VIC,3746
ELEEBANA,NSW,2282
ELIMBAH,QLD,4516
ELIZABETH,SA,5112
ELIZABETH BAY,NSW,2011
ELIZABETH ISLAND,VIC,3921
ELLEN GROVE,QLD,4078
ELMHURST,VIC,3469
ELPHINSTONE,VIC,3448
ELSTERNWICK,VIC,3185
EL THAM,VIC,3095
ELWOMPLE,SA,5260
EMBLETON,WA,6062
EMERALD,QLD,4720
EMU HEIGHTS,NSW,2750
EMU PARK,QLD,4710
EMU VALE,QLD,4371
ENDEAVOUR HILLS,VIC,3802
ENEABBA,WA,6518
ENGADINE,NSW,2233
ENMORE,NSW,2042
EPPING,NSW,1710
EPPING,NSW,2121
EPPING,VIC,3076
ERIGOLIA,NSW,2669
ERINA HEIGHTS,NSW,2260
ERINDALE CENTRE,ACT,2903
ERIN VALE,NSW,2663
ERMINGTON,NSW,1700
ERMINGTON,NSW,2115
EROMANGA,QLD,4480
ERSKINE PARK,NSW,2759
ERSKINEVILLE,NSW,2043
ESSENDON FIELDS,VIC,3041
EUDLO,QLD,4554
EUGOWRA,NSW,2806
EULO,QLD,4491
EUNGELLA HINTERLAND,QLD,4741
EUROBIN,VIC,3739
EURONG,QLD,4581
EUSTON,NSW,2737
EVANS LANDING,QLD,4874
EVANSTON,SA,5116
EVELYN,QLD,4888
EXETER,SA,5019
EYRE,SA,5121
"F
FADDEN",ACT,2904
FAIRFIELD,NSW,1860
FAIRFIELD,NSW,2165
FAIRLIGHT,NSW,2094
FAIRVIEW PARK,SA,5126
FARINA,SA,5731
FARRELL FLAT,SA,5416
FARRER,ACT,2607
FAULCONBRIDGE,NSW,2776
FAWKNER,VIC,3060
FEDERAL,QLD,4568
FELIXSTOW,SA,5070
FERNBANK,VIC,3864
FERN BAY,NSW,2295
FERNDALE,WA,6148
FERNSHAW,VIC,3778
FERNTREE GULLY,VIC,3156
FERNY CREEK,VIC,3786
FIELDSTONE,VIC,3024
FIGTREE,NSW,2525
FINCH HATTON,QLD,4756
FINDON,SA,5023
FINGAL,TAS,7214
FISCHER,SA,5502
FISH CREEK,VIC,3959
FISHERMAN BAY,SA,5522
FISHERS HILL,NSW,2421
FITZGERALD,WA,6337
FITZGIBBON,QLD,4018
FITZROY,VIC,3065
FITZROY,SA,5082
FITZROY CROSSING,WA,6765
FLAGSTONE,QLD,4280
FLEMINGTON,VIC,3031
FLETCHER,QLD,4381
FLINDERS,VIC,3929
FLINDERS LANE,VIC,8009
FLINDERS PARK,SA,5025
FLOREAT,WA,6014
FLOWERDALE,VIC,3717
FLOWERPOT,TAS,7163
FLYNN,NT,875
FOOTSCRAY,VIC,3011
FORBES,VIC,3764
FOREST HILL,NSW,2651
FOREST LODGE,NSW,2037
FOREST RANGE,SA,5139
FOREST REEFS,NSW,2798
FORESTVILLE,NSW,2087
FORREST,ACT,2603
FORREST,VIC,3236
FORRESTANIA,WA,6359
FORRESTFIELD,WA,6058
FORRESTON,SA,5233
FORTESCUE,WA,6716
FORTESCUE,TAS,7182
FOUNTAINDALE,NSW,2258
FOUNTAIN GATE,VIC,3805
FOUR CORNERS,NSW,2716
FRANKLAND RIVER,WA,6396
FRANKLIN,TAS,7113
FRANKLYN,SA,5421
FRANKSTON,VIC,3199
FRANKSTON NORTH,VIC,3200
FREELING,SA,5372
FREMANTLE,WA,6160
FREMANTLE,WA,6959
FRENCH PARK,NSW,2655
FRENCHS FOREST,NSW,1640
FRENCHS FOREST,NSW,2086
FULHAM,SA,5024
FYANSFORD,VIC,3218
GABBIN,WA,6476
GALONG,NSW,2585
GANMAIN,NSW,2702
GAPUWIYAK,NT,880
GARDEN CITY,VIC,3207
GARLAND,NSW,2797
GATTON COLLEGE,QLD,4345
GAZETTE,VIC,3289
GEILSTON BAY,TAS,7015
GEMBROOK,VIC,3783
GENOA,VIC,3891
GEORGES HALL,NSW,2198
GEORGE STREET,QLD,4003
GEORGETOWN,NSW,2298
GEORGETOWN,SA,5472
GERALDTON PO,WA,6531
GIBSON,WA,6448
GIDGEGANNUP,WA,6083
GILBERTON,VIC,3072
GILBERTON,QLD,4208
GILDEROY,VIC,3797
GILES CORNER,SA,5411
GILLES PLAINS,SA,5086
GILLMAN,SA,5013
GINDORAN,QLD,4676
GIPPSLAND MC,VIC,3841
GIRGARRE,VIC,3624
GIRRAWEEN,NT,836
GLADESVILLE,NSW,1675
GLADESVILLE,NSW,2111
GLADFIELD,VIC,3575
GLADSTONE,SA,5473
GLADSTONE PARK,VIC,3043
GLANDORE,SA,5037
GLASS HOUSE MOUNTAINS,QLD,4518
GLEBE,TAS,7000
GLENAIRE,VIC,3238
GLENBROOK,NSW,2773
GLENDALE,QLD,4711
GLENDALOUGH,WA,6016
GLENDAMBO,SA,5719
GLENDEN,QLD,4743
GLENELG,SA,5045
GLENFERN,QLD,4515
GLENFIELD,NSW,2167
GLEN FORBES,VIC,3990
GLEN FORREST,WA,6071
GLENGARRY,VIC,3854
GLENGOWRIE,SA,5044
GLENHOPE EAST,VIC,3522
GLEN IRIS,VIC,3146
GLENLYNN,WA,6256
GLENMORE PARK,NSW,2745
GLENMORGAN,QLD,4423
GLEN NIVEN,QLD,4377
GLEN OSMOND,SA,5064
GLENQUARIE,NSW,2564
GLENROY,VIC,3046
GLENTHOMPSON,VIC,3293
GLENTROMIE,WA,6509
GLENWOOD,NSW,2768
GLOSSOP,SA,5344
GNANGARA,WA,6077
GNOWANGERUP,WA,6335
GOBUR,VIC,3719
GODWIN BEACH,QLD,4511
GOLD COAST MC,QLD,9726
GOLDEN BAY,WA,6174
GOLDEN GROVE,SA,5125
GOLDEN HEIGHTS,SA,5322
GOLDSBOROUGH,QLD,4865
GOL GOL,NSW,2738
GOODLANDS,WA,6468
GOODNIGHT,NSW,2736
GOODOOGA,NSW,2838
GOOLBOO,QLD,4856
GOOLHI,NSW,2379
GOOLOOGONG,NSW,2805
GOOMALLING,WA,6460
GOOMARIN,WA,6415
GOONENGERRY,NSW,2482
GORANBA,QLD,4421
GORDON,NSW,2072
GORDON,VIC,3345
GORDON PARK,QLD,4031
GORMANDALE,VIC,3873
GORMANSTON,TAS,7466
GOROKE,VIC,3412
GOSNELLS,WA,6110
GOSNELLS,WA,6990
GRANGE,SA,5022
GRANTHAM,QLD,4347
GRANVILLE HARBOUR,TAS,7469
GRASS PATCH,WA,6446
GRASSTREE HILL,TAS,7017
GRASS VALLEY,WA,6403
GRAVELLY BEACH,TAS,7276
GRAVESEND,NSW,2401
GREAT WESTERN,VIC,3374
GREENBUSHES,WA,6254
GREENETHORPE,NSW,2809
GREEN FIELDS,SA,5107
GREEN GULLY,VIC,3462
GREEN HEAD,WA,6514
GREENHILL,SA,5140
GREENMOUNT,QLD,4751
GREENOCK,SA,5360
GREENSLOPES,QLD,4120
GREENVALE,VIC,3059
GREENWAY,ACT,2900
GREENWOOD,WA,6024
GREENWOOD,WA,6924
GREENWOODS VALLEY,WA,6405
GRETA,NSW,2334
GREY RIVER,VIC,3234
GRIFFITH UNIVERSITY,QLD,4222
GROSVENOR PLACE,NSW,1220
GUANABA,QLD,4210
GUILDFORD,NSW,2161
GUILDFORD,WA,6935
GULFVIEW HEIGHTS,SA,5096
GULNARE,SA,5471
GULUGUBA,QLD,4418
GUMDALE,QLD,4154
GUNBOWER,VIC,3566
GUNGAHLIN,ACT,2912
GUNYIDI,WA,6513
GURLEY,NSW,2398
GWABEGAR,NSW,2356
GYMEA,NSW,2227
HABERFIELD,NSW,2045
HACKHAM,SA,5163
HADSPEN,TAS,7290
HAGLEY,TAS,7292
HAHNDORF,SA,5245
HALL,ACT,2618
HALLAM,VIC,3803
HALLETT COVE,SA,5158
HALLS CREEK,WA,6770
HAMEL,WA,6215
HAMERSLEY,WA,6022
HAMIL TON,NSW,2303
HAMIL TON HILL,WA,6963
HAMIL TON ISLAND,QLD,4803
HAMIL TON VALLEY,NSW,2641
HAMPTON,VIC,3188
HAMPTON PARK,VIC,3976
HANNANS PO,WA,6433
HAPPY VALLEY,VIC,3360
HARCOURT,VIC,3453
HARKNESS,VIC,3337
HARRISMITH,WA,6361
HARRIS PARK,NSW,2150
HARROW,VIC,3317
HARVEY,WA,6220
HARWOOD,NSW,2465
HASTINGS,VIC,3915
HASTINGS POINT,NSW,2489
HATTAH,VIC,3501
HATTER HILL,WA,6356
HAWKESBURY HEIGHTS,NSW,2777
HAWKESDALE,VIC,3287
HAWKSBURN,VIC,3142
HAYMARKET,NSW,1240
HAZELBROOK,NSW,2779
HEATHCOTE JUNCTION,VIC,3758
HEATHERTON,VIC,3202
HEATHPOOL,SA,5068
HEATHWOOD,VIC,3134
HECTORVILLE,SA,5073
HEDLEY,VIC,3967
HELENSVALE,QLD,4212
HEMMANT,QLD,4174
HENTY,NSW,2658
HERBERTON,QLD,4887
HERDSMAN,WA,6017
JACK SON NORTH,QLD,4426
HESSE,VIC,3321
HEXHAM,VIC,3273
HIAMDALE,VIC,3847
HIGHBURY,SA,5089
HIGHBURY,WA,6313
HIGHCROFT,TAS,7183
HIGHETT,VIC,3190
HIGHGATE,WA,6003
HIGHGATE HILL,QLD,4101
HIGH WYCOMBE,WA,6057
HILLARYS,WA,6923
HILLSTON,NSW,2675
HILL TOWN,SA,5455
HINDMARSH,WA,6462
HINDMARSH TIERS,SA,5202
HINES HILL,WA,6413
HIVESVILLE,QLD,4612
HMAS CERBERUS,VIC,3920
HOBART,TAS,7001
HOLDEN HILL,SA,5088
HOLLAND PARK,QLD,4121
HOLMESVILLE,NSW,2286
HOLSWORTHY,NSW,2173
HOL TZE,NT,829
HOMEBUSH,NSW,2140
ISLANDS,WA,6799
HONITON,SA,5576
HOPELAND,WA,6125
HOPETOUN,VIC,3396
HOPETOUN,WA,6348
HOPE VALLEY,SA,5090
HOPE VALLEY,WA,6165
HOPPERS CROSSING,VIC,3029
HORFIELD,VIC,3567
HORNSBY,NSW,1630
HORNSBY WESTFIELD,NSW,1635
HORSESHOE CREEK,NSW,2474
HORSHAM,VIC,3400
HORSHAM,VIC,3402
HORSLEY PARK,NSW,2175
HORSNELL GULLY,SA,5141
HOTHAM HILL,VIC,3051
HOUGHTON,SA,5131
HOWARD SPRINGS,NT,835
HOWLONG,NSW,2643
HUGHENDEN,QLD,4821
HUGHESDALE,VIC,3166
HUNGERFORD,QLD,4493
HUNTER REGION MC,NSW,2310
HUNTERS HILL,NSW,2110
HUNTINGFIELD,TAS,7055
HURSTVILLE,NSW,2220
HURSTVILLE BC,NSW,1481
HYDE PARK,SA,5061
HYLAND PARK,NSW,2448
ILBILBIE,QLD,4738
ILFRACOMBE,QLD,4727
ILLOWA,VIC,3282
ILUKA,NSW,2466
INDEE,WA,6721
INGLEBURN,NSW,1890
INGLE FARM,SA,5098
INGLEWOOD,SA,5133
INGLEWOOD,WA,6932
INNALOO,WA,6918
INVERLOCH,VIC,3996
INVERMAY,TAS,7248
IRLPME,NT,874
IRYMPLE,VIC,3498
ISISFORD,QLD,4731
ISLINGTON,NSW,2296
IVANHOE,NSW,2878
IVANHOE,VIC,3079
"J
JABIRU",NT,886
JAMBOREE HEIGHTS,QLD,4074
JARRAHDALE,WA,6124
JEETHO,VIC,3945
JENNINGS,NSW,4383
JEPARIT,VIC,3423
JERDACUTTUP,WA,6346
JERICHO,QLD,4728
JERRABOMBERRA,NSW,2619
JESMOND,NSW,2299
JIBBERDING,WA,6612
JIGALONG,WA,6753
JILAKIN,WA,6365
JOONDALUP DC,WA,6919
JOONDANNA,WA,6060
JUMBUK,VIC,3869
JUNDAH,QLD,4736
JURIEN BAY,WA,6516
"K
KAARIMBA",VIC,3635
KAINTON,SA,5552
KALAMUNDA,WA,6926
KALANGADOO,SA,5278
KALBARRI,WA,6536
KALIMNA,VIC,3909
KALINGA,QLD,4030
KALLISTA,VIC,3791
KALORAMA,VIC,3766
KALPIENUNG,VIC,3529
KAMBAH,ACT,2902
KAMBALDA EAST,WA,6442
KANGAROO POINT,NSW,2224
KANIVA,VIC,3419
KAPINNIE,SA,5632
KAPOOKA,NSW,2661
KARAKIN,WA,6044
KARAMA,NT,813
KARDELLA SOUTH,VIC,3950
KARLGARIN,WA,6358
KARNUP,WA,6176
KAROONDA,SA,5307
KARRINYUP,WA,6921
KARTE,SA,5304
KARUMBA,QLD,4891
KATAMATITE,VIC,3649
KATHERINE,NT,851
KATOOMBA,NSW,2780
KATUNGA,VIC,3640
KEDUMBA,NSW,2782
KEILOR,VIC,3036
KEILOR DOWNS,VIC,3038
KEILOR EAST,VIC,3033
KELLEVIE,TAS,7176
KELMSCOTT,WA,6991
KELMSCOTT DC,WA,6997
KELVIN GROVE,QLD,4059
KENDENUP,WA,6323
KENLEY,VIC,3597
KENSINGTON,NSW,1465
KENSINGTON,NSW,2033
KENSINGTON,WA,6151
KENT TOWN DC,SA,5071
KENTUCKY,NSW,2354
KERALUP,WA,6182
KETTERING,TAS,7155
LAKE GARDENS,VIC,3355
KEW EAST,VIC,3102
KEWELL,VIC,3390
KEYSBOROUGH,VIC,3173
KEYSBROOK,WA,6126
KILLARNEY,QLD,4373
KILSYTH,VIC,3137
KINGLAKE,VIC,3763
KINGS CROSS,NSW,1340
KINGSGROVE,NSW,1480
KINGSGROVE,NSW,2208
KINGS LANGLEY,NSW,2147
KINGSLEY,WA,6026
KINGS MEADOWS,TAS,7249
KINGS PARK,WA,6005
KINGSTHORPE,QLD,4400
KINGSTON,ACT,2604
KINGSTON,QLD,4114
KINGSTON,TAS,7050
KINGSTON,TAS,7051
KINGSTON ON MURRAY,SA,5331
KINGSTON PARK,SA,5049
KINYPANIAL,VIC,3520
KIOMA,QLD,4498
RING,QLD,4021
KIRK ROCK,WA,6372
KIRRIBILLI,NSW,2061
KLEMZIG,SA,5087
KNOX CITY CENTRE,VIC,3152
KNOXFIELD,VIC,3180
KOAH,QLD,4881
KOETONG,VIC,3704
KOGARAH,NSW,1485
KONDININ,WA,6367
KONDUT,WA,6605
KONNONGORRING,WA,6603
KOOLGERA,SA,5661
KOOLYANOBBING,WA,6427
KOONDROOK,VIC,3580
KOONWARRA,VIC,3954
KOONYA,TAS,7187
KOORAGANG,NSW,2304
KOORAWATHA,NSW,2807
KOORINE,SA,5279
KOOTINGAL,NSW,2352
KOOYONG,VIC,3144
KORALEIGH,NSW,2735
KOTARA EAST,NSW,2305
KOTTA,VIC,3565
KOTUPNA,VIC,3638
KOYUGA,VIC,3622
KUDLA,SA,5115
KUKERIN,WA,6352
KULJA,WA,6470
KUNUNOPPIN,WA,6489
KUNYUNG,VIC,3930
KURABY,QLD,4112
KURMOND,NSW,2757
KURNELL,NSW,2231
KURRABA POINT,NSW,2089
KURRI KURRI,NSW,2327
KURUMBUL,QLD,4388
KWINANA,WA,6966
KWOLYIN,WA,6385
KYABRAM,VIC,3619
KYABRAM,VIC,3620
KYANCUTTA,SA,5651
KYVALLEY,VIC,3621
LABERTOUCHE,VIC,3816
LAKE BARRINE,QLD,4884
LAKE BOGA,VIC,3584
LAKE CARNEGIE,WA,6646
LAKE CHARM,VIC,3581
LAKE DARLOT,WA,6438
LONGREACH,QLD,4730
LAKELANDS,WA,6180
LAKE MARGARET,TAS,7467
LAKEMBA,NSW,2195
LAKESLAND,NSW,2572
LAKE TYERS,VIC,3887
LALOR,VIC,3075
LAMEROO,SA,5302
LANDSBOROUGH,QLD,4550
LANE COVE,NSW,1595
LANE COVE,NSW,2066
LANGFORD,WA,6147
LANGWARRIN,VIC,3910
LARGS BAY,SA,5016
LASCELLES,VIC,3487
LATHAM,WA,6616
LAUDERDALE,TAS,7021
LAUREL HILL,NSW,2649
LAVENDER BAY,NSW,2060
LAW COURTS,VIC,8010
LAWGI DAWES,QLD,4716
LAWNTON,QLD,4501
LAWSON,NSW,2783
LEASINGHAM,SA,5452
LEAWOOD GARDENS,SA,5150
LEDA,WA,6170
LEEDERVILLE,WA,6007
LEEDERVILLE,WA,6902
LEEDERVILLE,WA,6903
LEICHHARDT,NSW,2040
LEINSTER,WA,6437
LEMON TREE PASSAGE,NSW,2319
LENAH VALLEY,TAS,7008
LENSWOOD,SA,5240
LEOPOLD,VIC,3224
LETHBRIDGE,VIC,3332
LEWISHAM,NSW,2049
LEXIA,WA,6079
LEYBURN,QLD,4365
LIDCOMBE,NSW,1825
LILLIMUR,VIC,3420
LILYDALE,VIC,3140
LILYDALE,TAS,7268
LIMEVALE,QLD,4384
LINDEN,NSW,2778
LINDENOW,VIC,3865
LINGA,VIC,3509
LINWOOD,SA,5410
LISMORE,VIC,3324
LITTLE LONSDALE STREET,VIC,8011
LITTLE RIVER,VIC,3211
LIVERPOOL,NSW,1871
LOBETHAL,SA,5241
LOCHIEL,SA,5510
LOCKINGTON,VIC,3563
LOCKSLEY,VIC,3665
LOGANHOLME,QLD,4129
LOGANLEA,QLD,4131
LONSDALE,SA,5160
LORD HOWE ISLAND,NSW,2898
LORNE,VIC,3232
LORT RIVER,WA,6447
LOTA,QLD,4179
LOWDEN,WA,6240
LOWER ACACIA CREEK,NSW,2476
LOWER PLENTY,VIC,3093
LUGARNO,NSW,2210
LYNBROOK,VIC,3975
LYTTON,QLD,4178
MACEDON,VIC,3440
MACGREGOR,QLD,4109
MACLEOD,VIC,3085
MACQUARIE HEADS,TAS,7468
MACQUARIE UNIVERSITY,NSW,2109
MADDINGTON,WA,6109
MADDINGTON,WA,6989
MAFFRA WEST UPPER,VIC,3859
MAGDALA,SA,5400
MAHOGANY CREEK,WA,6072
MAILORS FLAT,VIC,3275
MAIN RIDGE,VIC,3928
MALAGA,WA,6090
MALAGA,WA,6944
MALLACOOTA,VIC,3892
MANGALORE,VIC,3663
MANGO HILL,QLD,4509
MANLY,NSW,1655
MANLY,NSW,2095
MANMANNING,WA,6465
MANOORA,SA,5414
MANSFIELD,VIC,3724
MANSFIELD,QLD,4122
MANTON,NT,837
MARBLE BAR,WA,6760
MARBURG,QLD,4346
MARCOOLA,QLD,4564
MARIGINIUP,WA,6078
MARLA,SA,5724
MARNE,WA,6608
MARONG,VIC,3515
MAROUBRA,NSW,2035
MARREE,SA,5733
MARRICKVILLE,NSW,1475
MARRICKVILLE,NSW,2204
MARSHLANDS,QLD,4611
MARYKNOLL,VIC,3812
MARYVILLE,NSW,2293
MASCOT,NSW,1460
MASCOT,NSW,2020
MASLIN BEACH,SA,5170
MASSEY,VIC,3482
MAWSON LAKES,SA,5095
MAYA,WA,6614
MAY DOWNS,QLD,4746
MAYLANDS,WA,6051
MAYLANDS,WA,6931
MCCRAE,VIC,3938
MCLOUGHLINS BEACH,VIC,3874
MELBOURNE,VIC,3000
MELBOURNE,VIC,3001
MELBOURNE,VIC,3004
MELBOURNE,VIC,8001
MELBOURNE AIRPORT,VIC,3045
MELBOURNE UNIVERSITY,VIC,3052
MELROSE,SA,5483
MELVILLE,WA,6956
MENANGLE,NSW,2568
MENANGLE PARK,NSW,2563
MENDOORAN,NSW,2842
MENINDEE,NSW,2879
MENTONE,VIC,3194
MENZIES,WA,6436
MENZIES CREEK,VIC,3159
MEREWETHER,NSW,2291
MERINO,VIC,3310
MERKANOOKA,WA,6625
MERRICKS,VIC,3916
MERRIGUM,VIC,3618
MERRYLANDS,NSW,2160
MERSEYLEA,TAS,7305
METUNG,VIC,3904
MIARA,QLD,4673
MIDDLETON,SA,5213
MIDLAND DC,WA,6936
MID NORTH COAST MC,NSW,2442
MIDWAY POINT,TAS,7171
MILDURA,VIC,3500
MILDURA,VIC,3502
MILE END,SA,5031
MILING,WA,6575
MILLOO,VIC,3572
MILL PARK,VIC,3082
MILPERRA,NSW,2214
MILSONS POINT,NSW,1565
MIL TON,QLD,4064
MINIMAY,VIC,3413
MINIMBAH,NSW,2312
MINJAH,VIC,3276
MINTARO,SA,5415
MIRALIE,VIC,3596
MIRAM,VIC,3415
MIRANDA,NSW,1490
MIRANDA,NSW,2228
MIRRABOOKA,WA,6941
MITCHAM,VIC,3132
MOANA,SA,5169
MODBURY,SA,5092
MOGUMBER,WA,6506
MOLESWORTH,VIC,3718
MONASH,SA,5342
MONASH UNIVERSITY,VIC,3800
MONA VALE,NSW,1660
MONA VALE,NSW,2103
MONBULK,VIC,3793
MONEGEETTA,VIC,3433
MONKERAI,NSW,2415
MONT ALBERT,VIC,3127
MONTMORENCY,VIC,3094
MONTROSE,VIC,3765
MOOLIABEENEE,WA,6504
MOOLOOLABA,QLD,4557
MOONBI,NSW,2353
MOONEE PONDS,VIC,3039
MOORA,VIC,3612
MOORABBIN,VIC,3189
MOOREBANK,NSW,1875
MOORINA,QLD,4506
MOOROODUC,VIC,3933
MOOROOK,SA,5332
MOOROOKA,QLD,4105
MOOROOLBARK,VIC,3138
MORANBAH,QLD,4744
MORLEY,WA,6943
MORN HILL,SA,5371
MORNINGTON,VIC,3931
MORNINGTON,WA,6221
MORPHETT VALE,SA,5162
MORTDALE,NSW,2223
MORTLAKE,VIC,3272
MOSMAN,NSW,2088
MOSMAN PARK,WA,6012
MOSMAN PARK,WA,6912
MOULYINNING,WA,6351
MOUNTAIN VIEW,VIC,3988
MOUNT COLAH,NSW,2079
MOUNT COMPASS,SA,5210
MOUNT COTTON,QLD,4165
MOUNT DANDENONG,VIC,3767
MOUNT EVELYN,VIC,3796
MOUNT GAMBIER,SA,5290
MOUNT HAWTHORN,WA,6915
MOUNT HILL,WA,6528
GAI,NSW,2080
MOUNT LAWLEY,WA,6929
MOUNT MACEDON,VIC,3441
MOUNT MARTHA,VIC,3934
MOUNT NELSON,TAS,7007
MOUNT WALKER,WA,6369
MOUNT WAVERLEY,VIC,3149
MOYHU,VIC,3732
MUCHEA,WA,6501
MUCKADILLA,QLD,4461
MULGRAVE,VIC,3170
MULLALYUP,WA,6252
MULLAQUANA,SA,5608
MULWALA,NSW,2647
MUNDARING,WA,6073
MUNDIC CREEK,SA,5340
MUNDIJONG,WA,6123
MUNGALLALA,QLD,4467
MUNGINDI,NSW,2406
MUNRUBEN,QLD,4125
MURARRIE,QLD,4172
MURDUNNA,TAS,7178
MUTTABURRA,QLD,4732
MYALL PARK,NSW,2681
MYARA,WA,6207
MYAREE,WA,6960
MYRTLE BANK,TAS,7259
MYRTLEFORD,VIC,3736
NANGEENAN,WA,6414
NARANGBA,QLD,4504
NARRE WARREN EAST,VIC,3804
NARRIKUP,WA,6326
NATHAN,QLD,4111
NAYOOK,VIC,3832
NEDLANDS,WA,6909
NEERIM,VIC,3831
NELSON,VIC,3292
NEUMGNA,QLD,4614
NEWCASTLE WEST,NSW,2302
NEW ENGLAND MC,NSW,2348
NEW FARM,QLD,4005
NEW GISBORNE,VIC,3438
NEWINGTON,NSW,2127
NEWMERELLA,VIC,3886
NEWPORT,NSW,2106
NEWPORT,VIC,3015
NEWPORT,QLD,4020
NHULUNBUY,NT,881
NICHOLSON,VIC,3882
NIGHTCLIFF,NT,814
BRANCH,QLD,4859
NOARLUNGA CENTRE,SA,5168
NOBBY,QLD,4360
NOBLE PARK,VIC,3174
NOORINDOO,QLD,4417
NOOSAVILLE,QLD,4566
NORFOLK ISLAND,NSW,2899
NORMANHURST,NSW,2076
NORMANTON,QLD,4890
"NORTH
NORTH ADELAIDE",SA,5006
NORTH BEACH,SA,5556
NORTH BEACH,WA,6920
NORTHBRIDGE,NSW,1560
NORTHBRIDGE,NSW,2063
NORTHBRIDGE,WA,6865
NORTH CASCADE,WA,6445
NORTHCOTE,VIC,3070
NORTH FREMANTLE,WA,6159
NORTHGATE,QLD,4013
NORTH HAVEN,SA,5018
NORTH HOBART,TAS,7002
NORTHLANDS PO,WA,6905
NORTHMEAD,NSW,2152
NORTH PARRAMATTA,NSW,1750
NORTH PARRAMATTA,NSW,2151
NORTH PERTH,WA,6006
NORTH PERTH,WA,6906
NORTH RICHMOND,NSW,2754
NORTH RYDE,NSW,1670
NORTH SYDNEY,NSW,2059
NORTH TAMBORINE,QLD,4272
NORTH TAMMIN,WA,6409
NORTH TRAYNING,WA,6488
NORTH TUMBULGUM,NSW,2490
NORTH TURRAMURRA,NSW,2074
NORTH WARRANDYTE,VIC,3113
NORTH WIALKI,WA,6473
NORTH YELBENI,WA,6487
NORTON SUMMIT,SA,5136
NOVAR GARDENS,SA,5040
NOWERGUP,WA,6032
NUBEENA,TAS,7184
NUGENT,TAS,7172
NUKARNI,WA,6480
NULLAGINE,WA,6758
NUNDAH,QLD,4012
NYABING,WA,6341
NYAH,VIC,3594
NYAH WEST,VIC,3595
NYORA,VIC,3987
OAKBANK,SA,5243
OAKFORD,WA,6121
OAKLANDS JUNCTION,VIC,3063
OAKLANDS PARK,SA,5046
OAKLEIGH SOUTH,VIC,3167
OCEAN GROVE,VIC,3226
OFFICER,VIC,3809
OGMORE,QLD,4706
OLD MILL,NSW,2369
OLD REYNELLA,SA,5161
OLD TOONGABBIE,NSW,2146
OLINDA,VIC,3788
OLYMPIC DAM,SA,5725
OODNADATTA,SA,5734
OPOSSUM BAY,TAS,7023
ORCHARD HILLS,NSW,2748
ORFORD,VIC,3284
ORMISTON,QLD,4160
OSBORNE,SA,5017
OSBORNE PARK,WA,6916
OSBORNE PARK,WA,6917
SULLIVAN BEACH,SA,5166
OVENS,VIC,3738
OYSTER BAY,NSW,2225
PADSTOW,NSW,2211
PAKENHAM,VIC,3810
PALMERSTON CITY,NT,831
PALMYRA,WA,6957
PALMYRA DC,WA,6961
PANTAPIN,WA,6384
PANTON HILL,VIC,3759
PARABURDOO,WA,6754
PARACOMBE,SA,5132
PARAFIELD,SA,5106
PARALOWIE,SA,5108
PARAP,NT,804
PARA VISTA,SA,5093
PARILLA,SA,5303
PARKERVILLE,WA,6081
PARK ORCHARDS,VIC,3114
PARNDANA,SA,5220
PARRAMATTA,NSW,2123
PARRAMATTA,NSW,2124
PASCOE VALE,VIC,3044
PATCHEWOLLOCK,VIC,3491
PEAK HILL,NSW,2869
PEARCEDALE,VIC,3912
PENNANT HILLS,NSW,1715
PENNANT HILLS,NSW,2120
PENRITH,NSW,2751
PENSHURST,NSW,2222
PERNATTY,SA,5713
PERTH,WA,6001
PERTH,WA,6837
PERTH,WA,6838
PERTH,WA,6839
PERTH,WA,6840
PERTH,WA,6841
PERTH,WA,6842
PERTH,WA,6843
PERTH,WA,6844
PERTH,WA,6845
PERTH,WA,6846
PERTH,WA,6847
PERTH,WA,6848
PERTH BC,WA,6849
PERTH ST GEORGES TCE,WA,6831
PETERBOROUGH,VIC,3270
PETRIE,QLD,4502
PIAWANING,WA,6572
PICCADILLY,SA,5151
PICKANJINNIE,QLD,4428
PICTON,WA,6229
PINDAR,WA,6631
PINE CREEK,NT,847
PINGARING,WA,6357
PINGRUP,WA,6343
PLEASURE POINT,NSW,2172
PLENTY,VIC,3090
POINT LONSDALE,VIC,3225
PORT CAMPBELL,VIC,3269
PORT ELLIOT,SA,5212
PORT FRANKLIN,VIC,3964
PORT KEMBLA,NSW,2505
PORT KENNEDY,WA,6172
PORTLAND,NSW,2847
PORT LINCOLN,SA,5606
PORT NEILL,SA,5604
PORT NOARLUNGA,SA,5167
PORTSEA,VIC,3944
PORT VINCENT,SA,5581
PORT WELSHPOOL,VIC,3965
POTTS POINT,NSW,1335
PRAHRAN,VIC,3181
PREMAYDENA,TAS,7185
PUCKAPUNYAL,VIC,3662
PUNCHBOWL,NSW,2196
PURNIM,VIC,3278
PYALONG,VIC,3521
PYGERY,SA,5652
PYMBLE,NSW,2073
PYRMONT,NSW,2009
QUEEN VICTORIA BUILDING,NSW,1230
QUINDANNING,WA,6391
RAGLAN,QLD,4697
REDFERN,NSW,2016
RED HILL,VIC,3937
REDHILL,SA,5521
REDMOND,WA,6327
REDWOOD PARK,SA,5097
REEDY CREEK,QLD,4227
REGENCY PARK,SA,5942
RESERVOIR,VIC,3073
REVESBY,NSW,2212
RHYLL,VIC,3923
RHYNIE,SA,5412
RIDDELLS CREEK,VIC,3431
RISDON VALE,TAS,7016
RIVERVALE,WA,6103
ROBINA TOWN CENTRE,QLD,4230
ROCHEDALE,QLD,4123
ROCKINGHAM,WA,6968
ROCKINGHAM BEACH,WA,6969
ROCKINGHAM DC,WA,6967
ROCKY GULLY,WA,6397
ROEBOURNE,WA,6718
ROELANDS,WA,6226
ROKEWOOD,VIC,3330
ROSE BAY,NSW,2029
ROSEBERY,NSW,1445
ROSEDALE,SA,5350
ROSS,TAS,7209
ROTHWELL,QLD,4022
ROTTNEST ISLAND,WA,6161
ROWVILLE,VIC,3178
"ROYAL AUSTRALIAN NAVY 
WARSHIPS",WA,6958
ROYAL BRISBANE HOSPITAL,QLD,4029
ROYAL EXCHANGE,NSW,1225
ROYAL MELBOURNE HOSPITAL,VIC,3050
ROZELLE,NSW,2039
RUBICON,VIC,3712
RUSSELL VALE,NSW,2517
RYDALMERE,NSW,2116
RYDE,NSW,1680
RYE,VIC,3941
SAFETY BAY,WA,6169
SALAMANDER BAY,NSW,2317
SALE,VIC,3850
SALE,VIC,3853
SALISBURY,QLD,4107
SAL TWATER RIVER,TAS,7186
SANDRINGHAM,VIC,3191
SANDSTONE,WA,6639
SANDY BAY,TAS,7006
SASSAFRAS,VIC,3787
SAWYERS VALLEY,WA,6074
SCARBOROUGH,WA,6019
SCARBOROUGH,WA,6922
SCHOFIELDS,NSW,2762
SCORESBY,VIC,3179
SCORESBY BC,VIC,3176
SCOTTS CREEK,VIC,3267
SEABIRD,WA,6042
SEAFORD,VIC,3198
SEAFORTH,NSW,2092
SECRET HARBOUR,WA,6173
SELLICKS BEACH,SA,5174
SEVEN HILLS,NSW,1730
SEVENTEEN MILE ROCKS,QLD,4073
SEYMOUR,VIC,3661
SHACKLETON,WA,6386
SHAILER PARK,QLD,4128
SHEPPARTON,VIC,3632
SHERBROOKE,VIC,3789
SHORTLAND,NSW,2307
SILVAN,VIC,3795
SILVERWATER,NSW,2128
SINGLETON,WA,6175
SMITHFIELD,NSW,2164
SMITHS GULLY,VIC,3760
SOMERS,VIC,3927
SOMERSET,TAS,7322
SOMERTON,VIC,3062
SORRENTO,VIC,3943
SOUTH ARM,TAS,7022
SOUTHBANK,VIC,3006
SOUTHBROOK,QLD,4363
SOUTH KUMMININ,WA,6368
SOUTH MELBOURNE,VIC,3205
SOUTH MORANG,VIC,3752
SOUTH MURCHISON,WA,6635
SOUTH PERTH,WA,6951
SOUTH YARRA,VIC,3141
SPEED,VIC,3488
SPRING HILL,QLD,4004
STAKE HILL,WA,6181
ST ANDREWS,VIC,3761
STANLEY,TAS,7331
STANMORE,NSW,2048
STANSBURY,SA,5582
STAWELL,VIC,3380
ST CLAIR,SA,5011
STIRLING NORTH,SA,5710
ST IVES,NSW,2075
ST KILDA,VIC,3182
ST KILDA ROAD,VIC,8004
ST KILDA ROAD CENTRAL,VIC,8008
ST LEONARDS,NSW,1590
ST LUCIA,QLD,4067
ST MARYS,NSW,1790
STOCKINBINGAL,NSW,2725
STONOR,TAS,7119
STONY CREEK,VIC,3957
ST PETERS,NSW,2044
STRATHFIELD,NSW,2135
STRATHGORDON,TAS,7139
STRAWBERRY HILLS,NSW,2012
SUBIACO PO,WA,6904
SUCCESS,WA,6964
SUMMER HILL,NSW,2130
SUNBURY,VIC,3429
SUTHERLAND,NSW,1499
SWAN REACH,VIC,3903
SYDNEY,NSW,2001
SYDNEY MARKETS,NSW,2129
SYDNEY SOUTH,NSW,1235
TABILK,VIC,3607
TAHMOOR,NSW,2573
TALLAROOK,VIC,3659
TALLEBUDGERA,QLD,4228
TALWOOD,QLD,4496
TAMBORINE,QLD,4270
TANBAR,QLD,4481
TANNYMOREL,QLD,4372
TARADALE,VIC,3447
TARANNA,TAS,7180
TARDUN,WA,6628
TATYOON,VIC,3378
TAWONGA,VIC,3697
TAWONGA SOUTH,VIC,3698
TEESDALE,VIC,3328
TELFER,WA,6762
TEMPLESTOWE,VIC,3106
TEMPLESTOWE LOWER,VIC,3107
TEMPY,VIC,3489
TENNANT CREEK,NT,860
TENNANT CREEK,NT,861
TENTERDEN,WA,6322
TERANG,VIC,3264
THE BASIN,VIC,3154
THE GAP,QLD,4061
THE PATCH,VIC,3792
THE PONDS,NSW,2769
THE UNIVERSITY OF SYDNEY,NSW,2006
THEVENARD ISLAND,WA,6711
THOMASTOWN,VIC,3074
THORNBURY,VIC,3071
THORNESIDE,QLD,4158
THORNLANDS,QLD,4164
THORNLIE,WA,6108
THORNLIE,WA,6988
THORPDALE,VIC,3835
THREDBO,NSW,2625
THULIMBAH,QLD,4376
TIERI,QLD,4709
TIGHES HILL,NSW,2297
TINDAL,NT,853
TINGALPA,QLD,4173
TINTALDRA,VIC,3708
TOLGA,QLD,4882
TONDERBURINE,NSW,2817
TOOLAMBA,VIC,3614
TOOLOOM,NSW,2475
TOONGABBIE,VIC,3856
TORBANLEA,QLD,4662
TORRUMBARRY,VIC,3562
TOWNSVILLE MILPO,QLD,4813
TREMONT,VIC,3785
TRESCO,VIC,3583
TRIGG,WA,6029
TUART HILL,WA,6939
TUCKERANG,QLD,4411
TUGGERANONG DC,ACT,2901
TUGUN,QLD,4224
TULLAMORE,NSW,2874
TUNGKILLO,SA,5236
TWEED HEADS,NSW,2485
TWIN RIVERS,NSW,2410
TWO ROCKS,WA,6037
TYABB,VIC,3913
TYNONG,VIC,3813
UNDERWOOD,QLD,4119
UNIVERSITY OF ADELAIDE,SA,5005
UNIVERSITY OF MELBOURNE,VIC,3010
"UNIVERSITY OF NEW 
ENGLAND",NSW,2351
UNIVERSITY OF QUEENSLAND,QLD,4072
UNSW SYDNEY,NSW,1466
UNSW SYDNEY,NSW,2052
UPPER MONGOGARIE,NSW,2470
UPPER STURT,SA,5156
UPWEY,VIC,3158
URAIDLA,SA,5142
URUNGA,NSW,2455
VERMONT,VIC,3133
VICTORIA PARK,WA,6979
VINIFERA,VIC,3591
VIRGINIA,NT,834
"W
WAAIA",VIC,3637
WAGAIT BEACH,NT,803
WAHGUNYAH,VIC,3687
WALGOOLAN,WA,6422
WALLENDBEEN,NSW,2588
WALLERAWANG,NSW,2845
WALLISTON DC,WA,6925
WALPEUP,VIC,3507
WANDILIGONG,VIC,3744
WANGARA,WA,6947
WANGARATTA,VIC,3676
WANGARATTA,VIC,3677
WANGI WANGI,NSW,2267
WANNAMAL,WA,6505
WANNEROO,WA,6946
WARRIEWOOD,NSW,2102
WATERLOO,NSW,2017
WATERLOO,WA,6228
WATSONIA,VIC,3087
WATTLEBANK,QLD,4704
WATTLE GLEN,VIC,3096
WELSHPOOL,WA,6106
WELSHPOOL DC,WA,6986
WEMBLEY,WA,6913
WERRIS CREEK,NSW,2341
WEST BURLEIGH,QLD,4219
WEST CHATSWOOD,NSW,1515
WEST LAKES,SA,5021
WEST LAKES SHORE,SA,5020
WEST LEEDERVILLE,WA,6901
WEST MELBOURNE,VIC,3003
WEST PENNANT HILLS,NSW,2125
WEST PERTH,WA,6872
WEST RYDE,NSW,1685
WEST WODONGA,VIC,3690
WETHERILL PARK,NSW,1851
WHITE CLIFFS,NSW,2836
WHITEMAN,WA,6068
WHITFIELD,VIC,3733
WHYALLA,SA,5600
WILGA,WA,6243
WILLETTON,WA,6955
WILLIAMS LANDING,VIC,3027
WILLIAMSTOWN,VIC,3016
WILMINGTON,SA,5485
WINDALE,NSW,2306
WINNELLIE,NT,821
WINTER VALLEY,VIC,3358
WODONGA,VIC,3689
WOLLERT,VIC,3750
WOLLONGONG,NSW,2520
WONGA PARK,VIC,3115
WOODSTOCK,VIC,3751
WOOLLAHRA,NSW,1350
WOOLLAHRA,NSW,2025
WOORABINDA,QLD,4713
WOORINEN,VIC,3589
WOORINEN SOUTH,VIC,3588
WOOROLOO,WA,6558
WORLD SQUARE,NSW,2002
WUNDOWIE,WA,6560
WYANDRA,QLD,4489
WYANGALA,NSW,2808
WYNARKA,SA,5306
WYNN VALE,SA,5127
YACKA,SA,5470
YAGOONA,NSW,2199
YALLINGUP,WA,6282
YANCHEP,WA,6035
YANCO,NSW,2703
YANINEE,SA,5653
YAN YEAN,VIC,3755
YARLOOP,WA,6218
YARRAMBAT,VIC,3091
YARRAVILLE,VIC,3013
YERECOIN,WA,6571
YERONGA,QLD,4104
YONGALA,SA,5493
